CODIGO,EMPRESA,DATA,ANO,MES,COD_CLIENTE,CLIENTE,VENDEDOR,COD_PRODUTO,PRODUTO,TOTAL
1,1,03/10/2020,2020,10,87,CLIENTE 87,MARIA,27,PRODUTO 27,3369
2,1,06/10/2020,2020,10,89,CLIENTE 89,JOANA,4,PRODUTO 4,4103
3,1,14/05/2020,2020,5,2,CLIENTE 2,MARCOS,3,PRODUTO 3,1681
4,1,07/02/2020,2020,2,41,CLIENTE 41,BEATRIZ,40,PRODUTO 40,1097
5,1,30/12/2020,2020,12,70,CLIENTE 70,MARCOS,21,PRODUTO 21,9214
6,1,11/12/2020,2020,12,70,CLIENTE 70,MARCOS,32,PRODUTO 32,8684
7,1,26/10/2020,2020,10,59,CLIENTE 59,MARIA,6,PRODUTO 6,2717
8,1,29/11/2020,2020,11,86,CLIENTE 86,MARIA,33,PRODUTO 33,6086
9,1,14/07/2020,2020,7,51,CLIENTE 51,PEDRO,4,PRODUTO 4,4103
10,1,07/06/2020,2020,6,29,CLIENTE 29,ANA,32,PRODUTO 32,4342
11,1,20/02/2020,2020,2,12,CLIENTE 12,MARIA,19,PRODUTO 19,532
12,1,01/07/2020,2020,7,37,CLIENTE 37,MARCOS,22,PRODUTO 22,2172
13,1,24/07/2020,2020,7,5,CLIENTE 5,JOANA,8,PRODUTO 8,2554
14,1,01/10/2020,2020,10,26,CLIENTE 26,BEATRIZ,28,PRODUTO 28,4335
15,1,09/09/2020,2020,9,9,CLIENTE 9,BEATRIZ,34,PRODUTO 34,2812
16,1,26/11/2020,2020,11,58,CLIENTE 58,MARCOS,2,PRODUTO 2,8038
17,1,24/10/2020,2020,10,2,CLIENTE 2,MARCOS,13,PRODUTO 13,1192
18,1,12/08/2020,2020,8,79,CLIENTE 79,ANA,23,PRODUTO 23,2225
19,1,25/03/2020,2020,3,18,CLIENTE 18,BEATRIZ,37,PRODUTO 37,607
20,1,08/06/2020,2020,6,25,CLIENTE 25,BEATRIZ,17,PRODUTO 17,2041
21,1,19/04/2020,2020,4,33,CLIENTE 33,PEDRO,7,PRODUTO 7,641
22,1,09/12/2020,2020,12,17,CLIENTE 17,ANA,10,PRODUTO 10,2504
23,1,24/03/2020,2020,3,86,CLIENTE 86,MARIA,13,PRODUTO 13,1192
24,1,01/11/2020,2020,11,61,CLIENTE 61,ANA,17,PRODUTO 17,4082
25,1,20/12/2020,2020,12,42,CLIENTE 42,PEDRO,18,PRODUTO 18,1894
26,1,11/11/2020,2020,11,76,CLIENTE 76,MARIA,38,PRODUTO 38,7706
27,1,16/05/2020,2020,5,7,CLIENTE 7,ANA,24,PRODUTO 24,3829
28,1,08/10/2020,2020,10,1,CLIENTE 1,PEDRO,28,PRODUTO 28,4335
29,1,25/03/2020,2020,3,60,CLIENTE 60,JOANA,17,PRODUTO 17,2041
30,1,30/01/2020,2020,1,74,CLIENTE 74,ANA,2,PRODUTO 2,4019
31,1,24/06/2020,2020,6,23,CLIENTE 23,JOANA,12,PRODUTO 12,1745
32,1,26/11/2020,2020,11,34,CLIENTE 34,BEATRIZ,7,PRODUTO 7,1282
33,1,01/07/2020,2020,7,48,CLIENTE 48,MARCOS,13,PRODUTO 13,1192
34,1,10/05/2020,2020,5,68,CLIENTE 68,BEATRIZ,40,PRODUTO 40,1097
35,1,11/04/2020,2020,4,89,CLIENTE 89,JOANA,37,PRODUTO 37,607
36,1,02/07/2020,2020,7,32,CLIENTE 32,JOANA,16,PRODUTO 16,4551
37,1,31/07/2020,2020,7,93,CLIENTE 93,PEDRO,4,PRODUTO 4,4103
38,1,28/03/2020,2020,3,11,CLIENTE 11,BEATRIZ,21,PRODUTO 21,4607
39,1,30/07/2020,2020,7,3,CLIENTE 3,MARIA,16,PRODUTO 16,4551
40,1,07/02/2020,2020,2,46,CLIENTE 46,JOANA,35,PRODUTO 35,2904
41,1,23/02/2020,2020,2,24,CLIENTE 24,PEDRO,31,PRODUTO 31,3455
42,1,24/04/2020,2020,4,49,CLIENTE 49,MARCOS,32,PRODUTO 32,4342
43,1,07/11/2020,2020,11,10,CLIENTE 10,ANA,1,PRODUTO 1,5448
44,1,31/05/2020,2020,5,31,CLIENTE 31,ANA,24,PRODUTO 24,3829
45,1,29/06/2020,2020,6,31,CLIENTE 31,ANA,16,PRODUTO 16,4551
46,1,05/05/2020,2020,5,36,CLIENTE 36,BEATRIZ,21,PRODUTO 21,4607
47,1,19/06/2020,2020,6,10,CLIENTE 10,ANA,40,PRODUTO 40,1097
48,1,17/12/2020,2020,12,98,CLIENTE 98,MARIA,34,PRODUTO 34,5624
49,1,09/09/2020,2020,9,31,CLIENTE 31,ANA,5,PRODUTO 5,1494
50,1,22/10/2020,2020,10,65,CLIENTE 65,PEDRO,10,PRODUTO 10,1252
51,1,27/10/2020,2020,10,7,CLIENTE 7,ANA,38,PRODUTO 38,3853
52,1,23/05/2020,2020,5,71,CLIENTE 71,BEATRIZ,40,PRODUTO 40,1097
53,1,13/04/2020,2020,4,92,CLIENTE 92,MARIA,11,PRODUTO 11,1413
54,1,04/02/2020,2020,2,46,CLIENTE 46,JOANA,8,PRODUTO 8,2554
55,1,08/02/2020,2020,2,53,CLIENTE 53,PEDRO,24,PRODUTO 24,3829
56,1,31/07/2020,2020,7,96,CLIENTE 96,PEDRO,30,PRODUTO 30,1470
57,1,10/01/2020,2020,1,12,CLIENTE 12,MARIA,31,PRODUTO 31,3455
58,1,12/08/2020,2020,8,69,CLIENTE 69,BEATRIZ,38,PRODUTO 38,3853
59,1,19/08/2020,2020,8,85,CLIENTE 85,MARCOS,9,PRODUTO 9,2436
60,1,24/11/2020,2020,11,87,CLIENTE 87,MARIA,9,PRODUTO 9,4872
61,1,17/07/2020,2020,7,21,CLIENTE 21,MARIA,14,PRODUTO 14,3881
62,1,19/09/2020,2020,9,40,CLIENTE 40,BEATRIZ,22,PRODUTO 22,2172
63,1,27/08/2020,2020,8,5,CLIENTE 5,JOANA,36,PRODUTO 36,2460
64,1,23/12/2020,2020,12,73,CLIENTE 73,MARIA,26,PRODUTO 26,6920
65,1,17/05/2020,2020,5,45,CLIENTE 45,JOANA,18,PRODUTO 18,947
66,1,05/01/2020,2020,1,69,CLIENTE 69,BEATRIZ,9,PRODUTO 9,2436
67,1,27/11/2020,2020,11,37,CLIENTE 37,MARCOS,35,PRODUTO 35,5808
68,1,08/05/2020,2020,5,76,CLIENTE 76,MARIA,8,PRODUTO 8,2554
69,1,22/07/2020,2020,7,100,CLIENTE 100,JOANA,6,PRODUTO 6,2717
70,1,23/02/2020,2020,2,35,CLIENTE 35,ANA,14,PRODUTO 14,3881
71,1,24/07/2020,2020,7,44,CLIENTE 44,MARIA,38,PRODUTO 38,3853
72,1,22/03/2020,2020,3,74,CLIENTE 74,ANA,12,PRODUTO 12,1745
73,1,13/11/2020,2020,11,81,CLIENTE 81,PEDRO,26,PRODUTO 26,6920
74,1,02/10/2020,2020,10,70,CLIENTE 70,MARCOS,32,PRODUTO 32,4342
75,1,20/11/2020,2020,11,58,CLIENTE 58,MARCOS,29,PRODUTO 29,3772
76,1,12/05/2020,2020,5,94,CLIENTE 94,PEDRO,22,PRODUTO 22,2172
77,1,02/11/2020,2020,11,66,CLIENTE 66,BEATRIZ,1,PRODUTO 1,5448
78,1,10/05/2020,2020,5,96,CLIENTE 96,PEDRO,32,PRODUTO 32,4342
79,1,18/07/2020,2020,7,97,CLIENTE 97,MARIA,19,PRODUTO 19,532
80,1,16/11/2020,2020,11,35,CLIENTE 35,ANA,10,PRODUTO 10,2504
81,1,24/10/2020,2020,10,68,CLIENTE 68,BEATRIZ,20,PRODUTO 20,1656
82,1,02/08/2020,2020,8,7,CLIENTE 7,ANA,21,PRODUTO 21,4607
83,1,28/07/2020,2020,7,3,CLIENTE 3,MARIA,30,PRODUTO 30,1470
84,1,17/02/2020,2020,2,35,CLIENTE 35,ANA,27,PRODUTO 27,3369
85,1,26/10/2020,2020,10,6,CLIENTE 6,PEDRO,21,PRODUTO 21,4607
86,1,31/12/2020,2020,12,87,CLIENTE 87,MARIA,19,PRODUTO 19,1064
87,1,10/11/2020,2020,11,20,CLIENTE 20,JOANA,40,PRODUTO 40,2194
88,1,05/09/2020,2020,9,13,CLIENTE 13,MARIA,34,PRODUTO 34,2812
89,1,30/04/2020,2020,4,47,CLIENTE 47,MARCOS,23,PRODUTO 23,2225
90,1,17/01/2020,2020,1,44,CLIENTE 44,MARIA,6,PRODUTO 6,2717
91,1,05/07/2020,2020,7,1,CLIENTE 1,PEDRO,26,PRODUTO 26,3460
92,1,03/06/2020,2020,6,10,CLIENTE 10,ANA,26,PRODUTO 26,3460
93,1,23/11/2020,2020,11,81,CLIENTE 81,PEDRO,9,PRODUTO 9,4872
94,1,28/07/2020,2020,7,14,CLIENTE 14,JOANA,39,PRODUTO 39,4902
95,1,04/06/2020,2020,6,70,CLIENTE 70,MARCOS,26,PRODUTO 26,3460
96,1,11/07/2020,2020,7,54,CLIENTE 54,ANA,28,PRODUTO 28,4335
97,1,23/03/2020,2020,3,85,CLIENTE 85,MARCOS,38,PRODUTO 38,3853
98,1,14/05/2020,2020,5,46,CLIENTE 46,JOANA,17,PRODUTO 17,2041
99,1,12/06/2020,2020,6,31,CLIENTE 31,ANA,2,PRODUTO 2,4019
100,1,27/11/2020,2020,11,74,CLIENTE 74,ANA,30,PRODUTO 30,2940
101,1,10/06/2020,2020,6,94,CLIENTE 94,PEDRO,5,PRODUTO 5,1494
102,1,04/09/2020,2020,9,27,CLIENTE 27,BEATRIZ,33,PRODUTO 33,3043
103,1,10/08/2020,2020,8,41,CLIENTE 41,BEATRIZ,5,PRODUTO 5,1494
104,1,26/02/2020,2020,2,3,CLIENTE 3,MARIA,23,PRODUTO 23,2225
105,1,19/04/2020,2020,4,84,CLIENTE 84,PEDRO,18,PRODUTO 18,947
106,1,29/10/2020,2020,10,86,CLIENTE 86,MARIA,14,PRODUTO 14,3881
107,1,19/04/2020,2020,4,97,CLIENTE 97,MARIA,5,PRODUTO 5,1494
108,1,03/11/2020,2020,11,81,CLIENTE 81,PEDRO,31,PRODUTO 31,6910
109,1,20/06/2020,2020,6,20,CLIENTE 20,JOANA,10,PRODUTO 10,1252
110,1,16/03/2020,2020,3,84,CLIENTE 84,PEDRO,1,PRODUTO 1,2724
111,1,21/10/2020,2020,10,85,CLIENTE 85,MARCOS,1,PRODUTO 1,2724
112,1,14/02/2020,2020,2,89,CLIENTE 89,JOANA,14,PRODUTO 14,3881
113,1,30/05/2020,2020,5,70,CLIENTE 70,MARCOS,6,PRODUTO 6,2717
114,1,13/10/2020,2020,10,26,CLIENTE 26,BEATRIZ,38,PRODUTO 38,3853
115,1,21/02/2020,2020,2,93,CLIENTE 93,PEDRO,10,PRODUTO 10,1252
116,1,21/04/2020,2020,4,42,CLIENTE 42,PEDRO,20,PRODUTO 20,1656
117,1,12/01/2020,2020,1,47,CLIENTE 47,MARCOS,30,PRODUTO 30,1470
118,1,21/06/2020,2020,6,6,CLIENTE 6,PEDRO,2,PRODUTO 2,4019
119,1,03/02/2020,2020,2,27,CLIENTE 27,BEATRIZ,40,PRODUTO 40,1097
120,1,11/12/2020,2020,12,47,CLIENTE 47,MARCOS,5,PRODUTO 5,2988
121,1,28/12/2020,2020,12,48,CLIENTE 48,MARCOS,24,PRODUTO 24,7658
122,1,13/03/2020,2020,3,83,CLIENTE 83,ANA,28,PRODUTO 28,4335
123,1,06/03/2020,2020,3,20,CLIENTE 20,JOANA,36,PRODUTO 36,2460
124,1,11/07/2020,2020,7,29,CLIENTE 29,ANA,5,PRODUTO 5,1494
125,1,28/07/2020,2020,7,97,CLIENTE 97,MARIA,4,PRODUTO 4,4103
126,1,05/08/2020,2020,8,73,CLIENTE 73,MARIA,4,PRODUTO 4,4103
127,1,23/07/2020,2020,7,50,CLIENTE 50,JOANA,14,PRODUTO 14,3881
128,1,11/07/2020,2020,7,60,CLIENTE 60,JOANA,33,PRODUTO 33,3043
129,1,27/11/2020,2020,11,99,CLIENTE 99,BEATRIZ,1,PRODUTO 1,5448
130,1,17/07/2020,2020,7,74,CLIENTE 74,ANA,13,PRODUTO 13,1192
131,1,03/12/2020,2020,12,100,CLIENTE 100,JOANA,23,PRODUTO 23,4450
132,1,26/12/2020,2020,12,54,CLIENTE 54,ANA,21,PRODUTO 21,9214
133,1,27/10/2020,2020,10,41,CLIENTE 41,BEATRIZ,36,PRODUTO 36,2460
134,1,11/09/2020,2020,9,40,CLIENTE 40,BEATRIZ,6,PRODUTO 6,2717
135,1,05/03/2020,2020,3,16,CLIENTE 16,ANA,25,PRODUTO 25,4966
136,1,15/03/2020,2020,3,25,CLIENTE 25,BEATRIZ,29,PRODUTO 29,1886
137,1,06/10/2020,2020,10,34,CLIENTE 34,BEATRIZ,34,PRODUTO 34,2812
138,1,25/03/2020,2020,3,3,CLIENTE 3,MARIA,29,PRODUTO 29,1886
139,1,23/12/2020,2020,12,7,CLIENTE 7,ANA,30,PRODUTO 30,2940
140,1,03/05/2020,2020,5,8,CLIENTE 8,ANA,17,PRODUTO 17,2041
141,1,21/11/2020,2020,11,10,CLIENTE 10,ANA,18,PRODUTO 18,1894
142,1,17/09/2020,2020,9,73,CLIENTE 73,MARIA,36,PRODUTO 36,2460
143,1,22/03/2020,2020,3,32,CLIENTE 32,JOANA,28,PRODUTO 28,4335
144,1,25/01/2020,2020,1,77,CLIENTE 77,JOANA,34,PRODUTO 34,2812
145,1,12/02/2020,2020,2,31,CLIENTE 31,ANA,38,PRODUTO 38,3853
146,1,20/01/2020,2020,1,31,CLIENTE 31,ANA,15,PRODUTO 15,850
147,1,21/03/2020,2020,3,100,CLIENTE 100,JOANA,8,PRODUTO 8,2554
148,1,30/04/2020,2020,4,39,CLIENTE 39,ANA,5,PRODUTO 5,1494
149,1,17/09/2020,2020,9,70,CLIENTE 70,MARCOS,40,PRODUTO 40,1097
150,1,01/11/2020,2020,11,35,CLIENTE 35,ANA,33,PRODUTO 33,6086
151,1,25/08/2020,2020,8,92,CLIENTE 92,MARIA,24,PRODUTO 24,3829
152,1,22/05/2020,2020,5,37,CLIENTE 37,MARCOS,6,PRODUTO 6,2717
153,1,01/03/2020,2020,3,39,CLIENTE 39,ANA,27,PRODUTO 27,3369
154,1,29/03/2020,2020,3,36,CLIENTE 36,BEATRIZ,13,PRODUTO 13,1192
155,1,02/04/2020,2020,4,44,CLIENTE 44,MARIA,36,PRODUTO 36,2460
156,1,03/04/2020,2020,4,5,CLIENTE 5,JOANA,8,PRODUTO 8,2554
157,1,07/01/2020,2020,1,25,CLIENTE 25,BEATRIZ,18,PRODUTO 18,947
158,1,14/12/2020,2020,12,68,CLIENTE 68,BEATRIZ,32,PRODUTO 32,8684
159,1,20/12/2020,2020,12,53,CLIENTE 53,PEDRO,10,PRODUTO 10,2504
160,1,14/04/2020,2020,4,53,CLIENTE 53,PEDRO,39,PRODUTO 39,4902
161,1,24/11/2020,2020,11,3,CLIENTE 3,MARIA,26,PRODUTO 26,6920
162,1,19/02/2020,2020,2,66,CLIENTE 66,BEATRIZ,19,PRODUTO 19,532
163,1,26/05/2020,2020,5,27,CLIENTE 27,BEATRIZ,13,PRODUTO 13,1192
164,1,03/09/2020,2020,9,41,CLIENTE 41,BEATRIZ,9,PRODUTO 9,2436
165,1,15/05/2020,2020,5,49,CLIENTE 49,MARCOS,6,PRODUTO 6,2717
166,1,27/07/2020,2020,7,57,CLIENTE 57,ANA,2,PRODUTO 2,4019
167,1,15/06/2020,2020,6,18,CLIENTE 18,BEATRIZ,30,PRODUTO 30,1470
168,1,15/12/2020,2020,12,57,CLIENTE 57,ANA,2,PRODUTO 2,8038
169,1,30/09/2020,2020,9,63,CLIENTE 63,JOANA,24,PRODUTO 24,3829
170,1,28/07/2020,2020,7,31,CLIENTE 31,ANA,1,PRODUTO 1,2724
171,1,30/08/2020,2020,8,38,CLIENTE 38,MARCOS,25,PRODUTO 25,4966
172,1,09/05/2020,2020,5,9,CLIENTE 9,BEATRIZ,36,PRODUTO 36,2460
173,1,01/02/2020,2020,2,70,CLIENTE 70,MARCOS,15,PRODUTO 15,850
174,1,20/01/2020,2020,1,65,CLIENTE 65,PEDRO,15,PRODUTO 15,850
175,1,11/10/2020,2020,10,35,CLIENTE 35,ANA,30,PRODUTO 30,1470
176,1,26/02/2020,2020,2,61,CLIENTE 61,ANA,6,PRODUTO 6,2717
177,1,19/03/2020,2020,3,8,CLIENTE 8,ANA,35,PRODUTO 35,2904
178,1,30/06/2020,2020,6,1,CLIENTE 1,PEDRO,11,PRODUTO 11,1413
179,1,11/05/2020,2020,5,50,CLIENTE 50,JOANA,32,PRODUTO 32,4342
180,1,09/09/2020,2020,9,30,CLIENTE 30,PEDRO,19,PRODUTO 19,532
181,1,24/12/2020,2020,12,58,CLIENTE 58,MARCOS,17,PRODUTO 17,4082
182,1,22/03/2020,2020,3,81,CLIENTE 81,PEDRO,3,PRODUTO 3,1681
183,1,23/05/2020,2020,5,44,CLIENTE 44,MARIA,8,PRODUTO 8,2554
184,1,15/09/2020,2020,9,54,CLIENTE 54,ANA,9,PRODUTO 9,2436
185,1,03/02/2020,2020,2,14,CLIENTE 14,JOANA,24,PRODUTO 24,3829
186,1,19/05/2020,2020,5,82,CLIENTE 82,BEATRIZ,1,PRODUTO 1,2724
187,1,27/05/2020,2020,5,13,CLIENTE 13,MARIA,22,PRODUTO 22,2172
188,1,17/02/2020,2020,2,18,CLIENTE 18,BEATRIZ,32,PRODUTO 32,4342
189,1,07/04/2020,2020,4,85,CLIENTE 85,MARCOS,37,PRODUTO 37,607
190,1,22/08/2020,2020,8,24,CLIENTE 24,PEDRO,28,PRODUTO 28,4335
191,1,02/04/2020,2020,4,25,CLIENTE 25,BEATRIZ,20,PRODUTO 20,1656
192,1,26/03/2020,2020,3,84,CLIENTE 84,PEDRO,13,PRODUTO 13,1192
193,1,03/03/2020,2020,3,81,CLIENTE 81,PEDRO,7,PRODUTO 7,641
194,1,20/06/2020,2020,6,18,CLIENTE 18,BEATRIZ,5,PRODUTO 5,1494
195,1,03/06/2020,2020,6,77,CLIENTE 77,JOANA,35,PRODUTO 35,2904
196,1,08/04/2020,2020,4,61,CLIENTE 61,ANA,10,PRODUTO 10,1252
197,1,10/02/2020,2020,2,65,CLIENTE 65,PEDRO,34,PRODUTO 34,2812
198,1,28/01/2020,2020,1,77,CLIENTE 77,JOANA,30,PRODUTO 30,1470
199,1,15/09/2020,2020,9,23,CLIENTE 23,JOANA,31,PRODUTO 31,3455
200,1,24/05/2020,2020,5,34,CLIENTE 34,BEATRIZ,9,PRODUTO 9,2436
201,1,29/07/2020,2020,7,49,CLIENTE 49,MARCOS,40,PRODUTO 40,1097
202,1,14/12/2020,2020,12,14,CLIENTE 14,JOANA,14,PRODUTO 14,7762
203,1,07/03/2020,2020,3,78,CLIENTE 78,MARIA,9,PRODUTO 9,2436
204,1,27/08/2020,2020,8,21,CLIENTE 21,MARIA,22,PRODUTO 22,2172
205,1,05/08/2020,2020,8,83,CLIENTE 83,ANA,22,PRODUTO 22,2172
206,1,25/12/2020,2020,12,63,CLIENTE 63,JOANA,2,PRODUTO 2,8038
207,1,19/08/2020,2020,8,65,CLIENTE 65,PEDRO,39,PRODUTO 39,4902
208,1,23/04/2020,2020,4,13,CLIENTE 13,MARIA,29,PRODUTO 29,1886
209,1,19/02/2020,2020,2,65,CLIENTE 65,PEDRO,16,PRODUTO 16,4551
210,1,15/07/2020,2020,7,88,CLIENTE 88,PEDRO,10,PRODUTO 10,1252
211,1,09/01/2020,2020,1,61,CLIENTE 61,ANA,5,PRODUTO 5,1494
212,1,17/07/2020,2020,7,44,CLIENTE 44,MARIA,32,PRODUTO 32,4342
213,1,26/02/2020,2020,2,82,CLIENTE 82,BEATRIZ,24,PRODUTO 24,3829
214,1,04/02/2020,2020,2,82,CLIENTE 82,BEATRIZ,6,PRODUTO 6,2717
215,1,21/02/2020,2020,2,89,CLIENTE 89,JOANA,26,PRODUTO 26,3460
216,1,31/12/2020,2020,12,49,CLIENTE 49,MARCOS,36,PRODUTO 36,4920
217,1,27/05/2020,2020,5,20,CLIENTE 20,JOANA,7,PRODUTO 7,641
218,1,21/01/2020,2020,1,14,CLIENTE 14,JOANA,35,PRODUTO 35,2904
219,1,31/03/2020,2020,3,32,CLIENTE 32,JOANA,13,PRODUTO 13,1192
220,1,18/01/2020,2020,1,12,CLIENTE 12,MARIA,24,PRODUTO 24,3829
221,1,10/09/2020,2020,9,63,CLIENTE 63,JOANA,13,PRODUTO 13,1192
222,1,21/04/2020,2020,4,65,CLIENTE 65,PEDRO,11,PRODUTO 11,1413
223,1,22/06/2020,2020,6,47,CLIENTE 47,MARCOS,2,PRODUTO 2,4019
224,1,17/12/2020,2020,12,27,CLIENTE 27,BEATRIZ,11,PRODUTO 11,2826
225,1,14/04/2020,2020,4,94,CLIENTE 94,PEDRO,13,PRODUTO 13,1192
226,1,06/02/2020,2020,2,74,CLIENTE 74,ANA,18,PRODUTO 18,947
227,1,13/09/2020,2020,9,54,CLIENTE 54,ANA,31,PRODUTO 31,3455
228,1,22/06/2020,2020,6,66,CLIENTE 66,BEATRIZ,9,PRODUTO 9,2436
229,1,10/12/2020,2020,12,6,CLIENTE 6,PEDRO,8,PRODUTO 8,5108
230,1,18/07/2020,2020,7,16,CLIENTE 16,ANA,18,PRODUTO 18,947
231,1,14/11/2020,2020,11,57,CLIENTE 57,ANA,25,PRODUTO 25,9932
232,1,28/03/2020,2020,3,21,CLIENTE 21,MARIA,18,PRODUTO 18,947
233,1,02/05/2020,2020,5,60,CLIENTE 60,JOANA,29,PRODUTO 29,1886
234,1,08/10/2020,2020,10,70,CLIENTE 70,MARCOS,11,PRODUTO 11,1413
235,1,20/12/2020,2020,12,36,CLIENTE 36,BEATRIZ,14,PRODUTO 14,7762
236,1,18/10/2020,2020,10,86,CLIENTE 86,MARIA,21,PRODUTO 21,4607
237,1,04/11/2020,2020,11,38,CLIENTE 38,MARCOS,33,PRODUTO 33,6086
238,1,24/04/2020,2020,4,53,CLIENTE 53,PEDRO,32,PRODUTO 32,4342
239,1,08/07/2020,2020,7,14,CLIENTE 14,JOANA,40,PRODUTO 40,1097
240,1,11/08/2020,2020,8,22,CLIENTE 22,MARIA,25,PRODUTO 25,4966
241,1,07/03/2020,2020,3,47,CLIENTE 47,MARCOS,40,PRODUTO 40,1097
242,1,16/01/2020,2020,1,53,CLIENTE 53,PEDRO,32,PRODUTO 32,4342
243,1,27/11/2020,2020,11,68,CLIENTE 68,BEATRIZ,3,PRODUTO 3,3362
244,1,08/07/2020,2020,7,18,CLIENTE 18,BEATRIZ,33,PRODUTO 33,3043
245,1,29/11/2020,2020,11,91,CLIENTE 91,MARCOS,33,PRODUTO 33,6086
246,1,05/01/2020,2020,1,71,CLIENTE 71,BEATRIZ,17,PRODUTO 17,2041
247,1,28/11/2020,2020,11,84,CLIENTE 84,PEDRO,17,PRODUTO 17,4082
248,1,05/10/2020,2020,10,38,CLIENTE 38,MARCOS,2,PRODUTO 2,4019
249,1,08/09/2020,2020,9,64,CLIENTE 64,JOANA,24,PRODUTO 24,3829
250,1,18/05/2020,2020,5,49,CLIENTE 49,MARCOS,6,PRODUTO 6,2717
251,1,22/06/2020,2020,6,18,CLIENTE 18,BEATRIZ,31,PRODUTO 31,3455
252,1,29/05/2020,2020,5,62,CLIENTE 62,BEATRIZ,26,PRODUTO 26,3460
253,1,05/12/2020,2020,12,22,CLIENTE 22,MARIA,31,PRODUTO 31,6910
254,1,02/05/2020,2020,5,70,CLIENTE 70,MARCOS,3,PRODUTO 3,1681
255,1,16/03/2020,2020,3,44,CLIENTE 44,MARIA,30,PRODUTO 30,1470
256,1,07/07/2020,2020,7,37,CLIENTE 37,MARCOS,21,PRODUTO 21,4607
257,1,14/10/2020,2020,10,22,CLIENTE 22,MARIA,10,PRODUTO 10,1252
258,1,17/07/2020,2020,7,21,CLIENTE 21,MARIA,33,PRODUTO 33,3043
259,1,26/01/2020,2020,1,83,CLIENTE 83,ANA,1,PRODUTO 1,2724
260,1,14/11/2020,2020,11,81,CLIENTE 81,PEDRO,37,PRODUTO 37,1214
261,1,03/06/2020,2020,6,7,CLIENTE 7,ANA,23,PRODUTO 23,2225
262,1,14/04/2020,2020,4,47,CLIENTE 47,MARCOS,32,PRODUTO 32,4342
263,1,27/05/2020,2020,5,40,CLIENTE 40,BEATRIZ,29,PRODUTO 29,1886
264,1,25/07/2020,2020,7,60,CLIENTE 60,JOANA,7,PRODUTO 7,641
265,1,22/01/2020,2020,1,21,CLIENTE 21,MARIA,27,PRODUTO 27,3369
266,1,05/10/2020,2020,10,77,CLIENTE 77,JOANA,26,PRODUTO 26,3460
267,1,25/10/2020,2020,10,55,CLIENTE 55,BEATRIZ,22,PRODUTO 22,2172
268,1,18/11/2020,2020,11,87,CLIENTE 87,MARIA,4,PRODUTO 4,8206
269,1,25/09/2020,2020,9,14,CLIENTE 14,JOANA,14,PRODUTO 14,3881
270,1,09/08/2020,2020,8,26,CLIENTE 26,BEATRIZ,29,PRODUTO 29,1886
271,1,30/05/2020,2020,5,76,CLIENTE 76,MARIA,7,PRODUTO 7,641
272,1,20/03/2020,2020,3,10,CLIENTE 10,ANA,16,PRODUTO 16,4551
273,1,11/07/2020,2020,7,81,CLIENTE 81,PEDRO,35,PRODUTO 35,2904
274,1,07/09/2020,2020,9,14,CLIENTE 14,JOANA,19,PRODUTO 19,532
275,1,08/07/2020,2020,7,62,CLIENTE 62,BEATRIZ,16,PRODUTO 16,4551
276,1,22/10/2020,2020,10,12,CLIENTE 12,MARIA,14,PRODUTO 14,3881
277,1,06/09/2020,2020,9,26,CLIENTE 26,BEATRIZ,36,PRODUTO 36,2460
278,1,05/09/2020,2020,9,73,CLIENTE 73,MARIA,19,PRODUTO 19,532
279,1,17/05/2020,2020,5,54,CLIENTE 54,ANA,8,PRODUTO 8,2554
280,1,11/02/2020,2020,2,3,CLIENTE 3,MARIA,31,PRODUTO 31,3455
281,1,11/04/2020,2020,4,36,CLIENTE 36,BEATRIZ,4,PRODUTO 4,4103
282,1,22/10/2020,2020,10,69,CLIENTE 69,BEATRIZ,28,PRODUTO 28,4335
283,1,23/03/2020,2020,3,77,CLIENTE 77,JOANA,20,PRODUTO 20,1656
284,1,08/07/2020,2020,7,72,CLIENTE 72,JOANA,40,PRODUTO 40,1097
285,1,07/02/2020,2020,2,56,CLIENTE 56,BEATRIZ,17,PRODUTO 17,2041
286,1,18/03/2020,2020,3,49,CLIENTE 49,MARCOS,10,PRODUTO 10,1252
287,1,22/10/2020,2020,10,29,CLIENTE 29,ANA,24,PRODUTO 24,3829
288,1,13/12/2020,2020,12,40,CLIENTE 40,BEATRIZ,27,PRODUTO 27,6738
289,1,15/10/2020,2020,10,18,CLIENTE 18,BEATRIZ,1,PRODUTO 1,2724
290,1,16/04/2020,2020,4,5,CLIENTE 5,JOANA,29,PRODUTO 29,1886
291,1,28/08/2020,2020,8,14,CLIENTE 14,JOANA,32,PRODUTO 32,4342
292,1,05/08/2020,2020,8,86,CLIENTE 86,MARIA,14,PRODUTO 14,3881
293,1,07/10/2020,2020,10,98,CLIENTE 98,MARIA,38,PRODUTO 38,3853
294,1,20/03/2020,2020,3,57,CLIENTE 57,ANA,27,PRODUTO 27,3369
295,1,20/05/2020,2020,5,60,CLIENTE 60,JOANA,8,PRODUTO 8,2554
296,1,27/08/2020,2020,8,30,CLIENTE 30,PEDRO,28,PRODUTO 28,4335
297,1,19/02/2020,2020,2,3,CLIENTE 3,MARIA,12,PRODUTO 12,1745
298,1,05/05/2020,2020,5,60,CLIENTE 60,JOANA,19,PRODUTO 19,532
299,1,16/11/2020,2020,11,53,CLIENTE 53,PEDRO,26,PRODUTO 26,6920
300,1,27/07/2020,2020,7,3,CLIENTE 3,MARIA,38,PRODUTO 38,3853
301,1,21/06/2020,2020,6,86,CLIENTE 86,MARIA,26,PRODUTO 26,3460
302,1,26/02/2020,2020,2,10,CLIENTE 10,ANA,10,PRODUTO 10,1252
303,1,12/06/2020,2020,6,51,CLIENTE 51,PEDRO,14,PRODUTO 14,3881
304,1,09/07/2020,2020,7,81,CLIENTE 81,PEDRO,6,PRODUTO 6,2717
305,1,13/06/2020,2020,6,95,CLIENTE 95,MARIA,6,PRODUTO 6,2717
306,1,31/07/2020,2020,7,30,CLIENTE 30,PEDRO,1,PRODUTO 1,2724
307,1,23/12/2020,2020,12,60,CLIENTE 60,JOANA,8,PRODUTO 8,5108
308,1,26/06/2020,2020,6,47,CLIENTE 47,MARCOS,39,PRODUTO 39,4902
309,1,15/04/2020,2020,4,56,CLIENTE 56,BEATRIZ,3,PRODUTO 3,1681
310,1,19/03/2020,2020,3,31,CLIENTE 31,ANA,25,PRODUTO 25,4966
311,1,10/08/2020,2020,8,24,CLIENTE 24,PEDRO,23,PRODUTO 23,2225
312,1,11/04/2020,2020,4,20,CLIENTE 20,JOANA,5,PRODUTO 5,1494
313,1,20/04/2020,2020,4,68,CLIENTE 68,BEATRIZ,28,PRODUTO 28,4335
314,1,02/02/2020,2020,2,78,CLIENTE 78,MARIA,21,PRODUTO 21,4607
315,1,23/09/2020,2020,9,1,CLIENTE 1,PEDRO,19,PRODUTO 19,532
316,1,18/03/2020,2020,3,91,CLIENTE 91,MARCOS,36,PRODUTO 36,2460
317,1,08/04/2020,2020,4,55,CLIENTE 55,BEATRIZ,2,PRODUTO 2,4019
318,1,03/02/2020,2020,2,43,CLIENTE 43,BEATRIZ,13,PRODUTO 13,1192
319,1,21/12/2020,2020,12,69,CLIENTE 69,BEATRIZ,17,PRODUTO 17,4082
320,1,12/02/2020,2020,2,37,CLIENTE 37,MARCOS,38,PRODUTO 38,3853
321,1,09/11/2020,2020,11,98,CLIENTE 98,MARIA,12,PRODUTO 12,3490
322,1,18/01/2020,2020,1,76,CLIENTE 76,MARIA,15,PRODUTO 15,850
323,1,06/05/2020,2020,5,54,CLIENTE 54,ANA,20,PRODUTO 20,1656
324,1,19/04/2020,2020,4,10,CLIENTE 10,ANA,6,PRODUTO 6,2717
325,1,18/02/2020,2020,2,6,CLIENTE 6,PEDRO,14,PRODUTO 14,3881
326,1,11/10/2020,2020,10,26,CLIENTE 26,BEATRIZ,17,PRODUTO 17,2041
327,1,10/11/2020,2020,11,68,CLIENTE 68,BEATRIZ,7,PRODUTO 7,1282
328,1,11/02/2020,2020,2,43,CLIENTE 43,BEATRIZ,13,PRODUTO 13,1192
329,1,06/01/2020,2020,1,44,CLIENTE 44,MARIA,40,PRODUTO 40,1097
330,1,21/02/2020,2020,2,23,CLIENTE 23,JOANA,9,PRODUTO 9,2436
331,1,30/11/2020,2020,11,78,CLIENTE 78,MARIA,18,PRODUTO 18,1894
332,1,06/05/2020,2020,5,90,CLIENTE 90,PEDRO,40,PRODUTO 40,1097
333,1,27/08/2020,2020,8,56,CLIENTE 56,BEATRIZ,39,PRODUTO 39,4902
334,1,11/03/2020,2020,3,41,CLIENTE 41,BEATRIZ,18,PRODUTO 18,947
335,1,25/01/2020,2020,1,69,CLIENTE 69,BEATRIZ,10,PRODUTO 10,1252
336,1,02/08/2020,2020,8,93,CLIENTE 93,PEDRO,35,PRODUTO 35,2904
337,1,30/10/2020,2020,10,69,CLIENTE 69,BEATRIZ,38,PRODUTO 38,3853
338,1,24/02/2020,2020,2,7,CLIENTE 7,ANA,2,PRODUTO 2,4019
339,1,07/02/2020,2020,2,98,CLIENTE 98,MARIA,19,PRODUTO 19,532
340,1,01/02/2020,2020,2,69,CLIENTE 69,BEATRIZ,2,PRODUTO 2,4019
341,1,06/11/2020,2020,11,48,CLIENTE 48,MARCOS,8,PRODUTO 8,5108
342,1,02/09/2020,2020,9,43,CLIENTE 43,BEATRIZ,20,PRODUTO 20,1656
343,1,13/01/2020,2020,1,75,CLIENTE 75,PEDRO,8,PRODUTO 8,2554
344,1,25/04/2020,2020,4,14,CLIENTE 14,JOANA,17,PRODUTO 17,2041
345,1,28/12/2020,2020,12,13,CLIENTE 13,MARIA,14,PRODUTO 14,7762
346,1,10/06/2020,2020,6,91,CLIENTE 91,MARCOS,27,PRODUTO 27,3369
347,1,03/03/2020,2020,3,94,CLIENTE 94,PEDRO,9,PRODUTO 9,2436
348,1,29/09/2020,2020,9,58,CLIENTE 58,MARCOS,4,PRODUTO 4,4103
349,1,23/02/2020,2020,2,100,CLIENTE 100,JOANA,4,PRODUTO 4,4103
350,1,27/08/2020,2020,8,52,CLIENTE 52,ANA,6,PRODUTO 6,2717
351,1,02/07/2020,2020,7,72,CLIENTE 72,JOANA,26,PRODUTO 26,3460
352,1,10/09/2020,2020,9,42,CLIENTE 42,PEDRO,2,PRODUTO 2,4019
353,1,13/02/2020,2020,2,50,CLIENTE 50,JOANA,5,PRODUTO 5,1494
354,1,25/03/2020,2020,3,52,CLIENTE 52,ANA,6,PRODUTO 6,2717
355,1,16/06/2020,2020,6,22,CLIENTE 22,MARIA,36,PRODUTO 36,2460
356,1,09/05/2020,2020,5,61,CLIENTE 61,ANA,8,PRODUTO 8,2554
357,1,18/02/2020,2020,2,82,CLIENTE 82,BEATRIZ,33,PRODUTO 33,3043
358,1,02/02/2020,2020,2,42,CLIENTE 42,PEDRO,1,PRODUTO 1,2724
359,1,14/06/2020,2020,6,98,CLIENTE 98,MARIA,22,PRODUTO 22,2172
360,1,14/03/2020,2020,3,56,CLIENTE 56,BEATRIZ,20,PRODUTO 20,1656
361,1,07/02/2020,2020,2,87,CLIENTE 87,MARIA,35,PRODUTO 35,2904
362,1,25/10/2020,2020,10,95,CLIENTE 95,MARIA,10,PRODUTO 10,1252
363,1,27/10/2020,2020,10,3,CLIENTE 3,MARIA,39,PRODUTO 39,4902
364,1,09/01/2020,2020,1,87,CLIENTE 87,MARIA,8,PRODUTO 8,2554
365,1,06/08/2020,2020,8,15,CLIENTE 15,ANA,40,PRODUTO 40,1097
366,1,13/05/2020,2020,5,48,CLIENTE 48,MARCOS,33,PRODUTO 33,3043
367,1,10/06/2020,2020,6,45,CLIENTE 45,JOANA,32,PRODUTO 32,4342
368,1,18/10/2020,2020,10,56,CLIENTE 56,BEATRIZ,3,PRODUTO 3,1681
369,1,16/11/2020,2020,11,7,CLIENTE 7,ANA,4,PRODUTO 4,8206
370,1,29/03/2020,2020,3,25,CLIENTE 25,BEATRIZ,30,PRODUTO 30,1470
371,1,14/09/2020,2020,9,51,CLIENTE 51,PEDRO,37,PRODUTO 37,607
372,1,02/06/2020,2020,6,34,CLIENTE 34,BEATRIZ,38,PRODUTO 38,3853
373,1,02/12/2020,2020,12,48,CLIENTE 48,MARCOS,7,PRODUTO 7,1282
374,1,29/10/2020,2020,10,40,CLIENTE 40,BEATRIZ,3,PRODUTO 3,1681
375,1,02/09/2020,2020,9,34,CLIENTE 34,BEATRIZ,37,PRODUTO 37,607
376,1,09/02/2020,2020,2,37,CLIENTE 37,MARCOS,18,PRODUTO 18,947
377,1,27/03/2020,2020,3,48,CLIENTE 48,MARCOS,11,PRODUTO 11,1413
378,1,27/12/2020,2020,12,44,CLIENTE 44,MARIA,11,PRODUTO 11,2826
379,1,29/10/2020,2020,10,24,CLIENTE 24,PEDRO,28,PRODUTO 28,4335
380,1,08/12/2020,2020,12,73,CLIENTE 73,MARIA,15,PRODUTO 15,1700
381,1,18/01/2020,2020,1,86,CLIENTE 86,MARIA,37,PRODUTO 37,607
382,1,10/03/2020,2020,3,90,CLIENTE 90,PEDRO,10,PRODUTO 10,1252
383,1,07/05/2020,2020,5,5,CLIENTE 5,JOANA,16,PRODUTO 16,4551
384,1,04/07/2020,2020,7,44,CLIENTE 44,MARIA,18,PRODUTO 18,947
385,1,12/08/2020,2020,8,68,CLIENTE 68,BEATRIZ,11,PRODUTO 11,1413
386,1,17/09/2020,2020,9,14,CLIENTE 14,JOANA,34,PRODUTO 34,2812
387,1,12/09/2020,2020,9,33,CLIENTE 33,PEDRO,28,PRODUTO 28,4335
388,1,15/04/2020,2020,4,73,CLIENTE 73,MARIA,22,PRODUTO 22,2172
389,1,11/08/2020,2020,8,49,CLIENTE 49,MARCOS,14,PRODUTO 14,3881
390,1,05/05/2020,2020,5,27,CLIENTE 27,BEATRIZ,30,PRODUTO 30,1470
391,1,10/03/2020,2020,3,18,CLIENTE 18,BEATRIZ,32,PRODUTO 32,4342
392,1,20/06/2020,2020,6,17,CLIENTE 17,ANA,20,PRODUTO 20,1656
393,1,16/12/2020,2020,12,50,CLIENTE 50,JOANA,28,PRODUTO 28,8670
394,1,17/02/2020,2020,2,5,CLIENTE 5,JOANA,23,PRODUTO 23,2225
395,1,13/05/2020,2020,5,33,CLIENTE 33,PEDRO,24,PRODUTO 24,3829
396,1,08/07/2020,2020,7,53,CLIENTE 53,PEDRO,33,PRODUTO 33,3043
397,1,03/12/2020,2020,12,21,CLIENTE 21,MARIA,29,PRODUTO 29,3772
398,1,08/06/2020,2020,6,71,CLIENTE 71,BEATRIZ,3,PRODUTO 3,1681
399,1,17/02/2020,2020,2,58,CLIENTE 58,MARCOS,36,PRODUTO 36,2460
400,1,17/10/2020,2020,10,56,CLIENTE 56,BEATRIZ,22,PRODUTO 22,2172
401,1,16/02/2020,2020,2,36,CLIENTE 36,BEATRIZ,33,PRODUTO 33,3043
402,1,04/07/2020,2020,7,96,CLIENTE 96,PEDRO,39,PRODUTO 39,4902
403,1,05/03/2020,2020,3,72,CLIENTE 72,JOANA,7,PRODUTO 7,641
404,1,30/08/2020,2020,8,25,CLIENTE 25,BEATRIZ,25,PRODUTO 25,4966
405,1,21/11/2020,2020,11,2,CLIENTE 2,MARCOS,27,PRODUTO 27,6738
406,1,18/03/2020,2020,3,80,CLIENTE 80,MARCOS,36,PRODUTO 36,2460
407,1,04/08/2020,2020,8,76,CLIENTE 76,MARIA,15,PRODUTO 15,850
408,1,01/08/2020,2020,8,71,CLIENTE 71,BEATRIZ,16,PRODUTO 16,4551
409,1,16/05/2020,2020,5,4,CLIENTE 4,ANA,25,PRODUTO 25,4966
410,1,10/06/2020,2020,6,31,CLIENTE 31,ANA,39,PRODUTO 39,4902
411,1,16/06/2020,2020,6,93,CLIENTE 93,PEDRO,6,PRODUTO 6,2717
412,1,21/07/2020,2020,7,88,CLIENTE 88,PEDRO,13,PRODUTO 13,1192
413,1,10/02/2020,2020,2,62,CLIENTE 62,BEATRIZ,14,PRODUTO 14,3881
414,1,07/12/2020,2020,12,58,CLIENTE 58,MARCOS,12,PRODUTO 12,3490
415,1,25/11/2020,2020,11,32,CLIENTE 32,JOANA,34,PRODUTO 34,5624
416,1,22/01/2020,2020,1,85,CLIENTE 85,MARCOS,33,PRODUTO 33,3043
417,1,06/12/2020,2020,12,18,CLIENTE 18,BEATRIZ,18,PRODUTO 18,1894
418,1,30/10/2020,2020,10,25,CLIENTE 25,BEATRIZ,18,PRODUTO 18,947
419,1,06/05/2020,2020,5,1,CLIENTE 1,PEDRO,10,PRODUTO 10,1252
420,1,02/07/2020,2020,7,86,CLIENTE 86,MARIA,17,PRODUTO 17,2041
421,1,31/08/2020,2020,8,82,CLIENTE 82,BEATRIZ,9,PRODUTO 9,2436
422,1,20/06/2020,2020,6,3,CLIENTE 3,MARIA,39,PRODUTO 39,4902
423,1,15/08/2020,2020,8,97,CLIENTE 97,MARIA,7,PRODUTO 7,641
424,1,07/08/2020,2020,8,25,CLIENTE 25,BEATRIZ,5,PRODUTO 5,1494
425,1,21/09/2020,2020,9,17,CLIENTE 17,ANA,6,PRODUTO 6,2717
426,1,26/03/2020,2020,3,77,CLIENTE 77,JOANA,34,PRODUTO 34,2812
427,1,10/03/2020,2020,3,44,CLIENTE 44,MARIA,25,PRODUTO 25,4966
428,1,10/11/2020,2020,11,16,CLIENTE 16,ANA,34,PRODUTO 34,5624
429,1,23/05/2020,2020,5,11,CLIENTE 11,BEATRIZ,18,PRODUTO 18,947
430,1,08/04/2020,2020,4,99,CLIENTE 99,BEATRIZ,9,PRODUTO 9,2436
431,1,25/12/2020,2020,12,49,CLIENTE 49,MARCOS,15,PRODUTO 15,1700
432,1,21/08/2020,2020,8,100,CLIENTE 100,JOANA,23,PRODUTO 23,2225
433,1,05/09/2020,2020,9,29,CLIENTE 29,ANA,32,PRODUTO 32,4342
434,1,10/01/2020,2020,1,44,CLIENTE 44,MARIA,21,PRODUTO 21,4607
435,1,18/04/2020,2020,4,68,CLIENTE 68,BEATRIZ,2,PRODUTO 2,4019
436,1,04/09/2020,2020,9,86,CLIENTE 86,MARIA,10,PRODUTO 10,1252
437,1,17/08/2020,2020,8,89,CLIENTE 89,JOANA,2,PRODUTO 2,4019
438,1,16/05/2020,2020,5,66,CLIENTE 66,BEATRIZ,17,PRODUTO 17,2041
439,1,29/08/2020,2020,8,65,CLIENTE 65,PEDRO,30,PRODUTO 30,1470
440,1,16/03/2020,2020,3,58,CLIENTE 58,MARCOS,16,PRODUTO 16,4551
441,1,02/04/2020,2020,4,20,CLIENTE 20,JOANA,10,PRODUTO 10,1252
442,1,16/01/2020,2020,1,67,CLIENTE 67,JOANA,21,PRODUTO 21,4607
443,1,30/11/2020,2020,11,40,CLIENTE 40,BEATRIZ,8,PRODUTO 8,5108
444,1,11/12/2020,2020,12,32,CLIENTE 32,JOANA,19,PRODUTO 19,1064
445,1,27/09/2020,2020,9,8,CLIENTE 8,ANA,15,PRODUTO 15,850
446,1,01/09/2020,2020,9,46,CLIENTE 46,JOANA,35,PRODUTO 35,2904
447,1,09/07/2020,2020,7,83,CLIENTE 83,ANA,31,PRODUTO 31,3455
448,1,25/04/2020,2020,4,79,CLIENTE 79,ANA,34,PRODUTO 34,2812
449,1,23/01/2020,2020,1,16,CLIENTE 16,ANA,5,PRODUTO 5,1494
450,1,14/08/2020,2020,8,70,CLIENTE 70,MARCOS,39,PRODUTO 39,4902
451,1,11/09/2020,2020,9,69,CLIENTE 69,BEATRIZ,21,PRODUTO 21,4607
452,1,16/03/2020,2020,3,40,CLIENTE 40,BEATRIZ,28,PRODUTO 28,4335
453,1,28/11/2020,2020,11,7,CLIENTE 7,ANA,28,PRODUTO 28,8670
454,1,10/01/2020,2020,1,69,CLIENTE 69,BEATRIZ,8,PRODUTO 8,2554
455,1,29/02/2020,2020,2,6,CLIENTE 6,PEDRO,1,PRODUTO 1,2724
456,1,08/07/2020,2020,7,26,CLIENTE 26,BEATRIZ,27,PRODUTO 27,3369
457,1,11/10/2020,2020,10,52,CLIENTE 52,ANA,12,PRODUTO 12,1745
458,1,30/03/2020,2020,3,61,CLIENTE 61,ANA,24,PRODUTO 24,3829
459,1,29/01/2020,2020,1,45,CLIENTE 45,JOANA,9,PRODUTO 9,2436
460,1,12/06/2020,2020,6,60,CLIENTE 60,JOANA,26,PRODUTO 26,3460
461,1,24/12/2020,2020,12,28,CLIENTE 28,MARCOS,15,PRODUTO 15,1700
462,1,10/01/2020,2020,1,32,CLIENTE 32,JOANA,5,PRODUTO 5,1494
463,1,26/04/2020,2020,4,58,CLIENTE 58,MARCOS,7,PRODUTO 7,641
464,1,23/03/2020,2020,3,86,CLIENTE 86,MARIA,5,PRODUTO 5,1494
465,1,09/09/2020,2020,9,51,CLIENTE 51,PEDRO,20,PRODUTO 20,1656
466,1,01/03/2020,2020,3,7,CLIENTE 7,ANA,28,PRODUTO 28,4335
467,1,21/04/2020,2020,4,85,CLIENTE 85,MARCOS,10,PRODUTO 10,1252
468,1,29/07/2020,2020,7,88,CLIENTE 88,PEDRO,10,PRODUTO 10,1252
469,1,16/05/2020,2020,5,88,CLIENTE 88,PEDRO,22,PRODUTO 22,2172
470,1,02/06/2020,2020,6,96,CLIENTE 96,PEDRO,33,PRODUTO 33,3043
471,1,27/06/2020,2020,6,7,CLIENTE 7,ANA,30,PRODUTO 30,1470
472,1,10/09/2020,2020,9,52,CLIENTE 52,ANA,2,PRODUTO 2,4019
473,1,12/07/2020,2020,7,24,CLIENTE 24,PEDRO,32,PRODUTO 32,4342
474,1,23/09/2020,2020,9,71,CLIENTE 71,BEATRIZ,22,PRODUTO 22,2172
475,1,14/01/2020,2020,1,67,CLIENTE 67,JOANA,18,PRODUTO 18,947
476,1,09/12/2020,2020,12,46,CLIENTE 46,JOANA,23,PRODUTO 23,4450
477,1,28/04/2020,2020,4,24,CLIENTE 24,PEDRO,8,PRODUTO 8,2554
478,1,23/07/2020,2020,7,64,CLIENTE 64,JOANA,18,PRODUTO 18,947
479,1,29/04/2020,2020,4,40,CLIENTE 40,BEATRIZ,16,PRODUTO 16,4551
480,1,07/10/2020,2020,10,37,CLIENTE 37,MARCOS,1,PRODUTO 1,2724
481,1,03/07/2020,2020,7,45,CLIENTE 45,JOANA,15,PRODUTO 15,850
482,1,26/04/2020,2020,4,25,CLIENTE 25,BEATRIZ,27,PRODUTO 27,3369
483,1,04/10/2020,2020,10,69,CLIENTE 69,BEATRIZ,16,PRODUTO 16,4551
484,1,18/08/2020,2020,8,7,CLIENTE 7,ANA,19,PRODUTO 19,532
485,1,30/12/2020,2020,12,27,CLIENTE 27,BEATRIZ,25,PRODUTO 25,9932
486,1,12/05/2020,2020,5,12,CLIENTE 12,MARIA,20,PRODUTO 20,1656
487,1,06/09/2020,2020,9,36,CLIENTE 36,BEATRIZ,21,PRODUTO 21,4607
488,1,26/09/2020,2020,9,29,CLIENTE 29,ANA,15,PRODUTO 15,850
489,1,09/09/2020,2020,9,46,CLIENTE 46,JOANA,11,PRODUTO 11,1413
490,1,18/01/2020,2020,1,75,CLIENTE 75,PEDRO,28,PRODUTO 28,4335
491,1,15/06/2020,2020,6,65,CLIENTE 65,PEDRO,13,PRODUTO 13,1192
492,1,24/07/2020,2020,7,32,CLIENTE 32,JOANA,38,PRODUTO 38,3853
493,1,25/03/2020,2020,3,84,CLIENTE 84,PEDRO,40,PRODUTO 40,1097
494,1,22/08/2020,2020,8,76,CLIENTE 76,MARIA,1,PRODUTO 1,2724
495,1,26/04/2020,2020,4,65,CLIENTE 65,PEDRO,33,PRODUTO 33,3043
496,1,14/12/2020,2020,12,7,CLIENTE 7,ANA,24,PRODUTO 24,7658
497,1,10/02/2020,2020,2,35,CLIENTE 35,ANA,25,PRODUTO 25,4966
498,1,18/09/2020,2020,9,71,CLIENTE 71,BEATRIZ,2,PRODUTO 2,4019
499,1,17/03/2020,2020,3,34,CLIENTE 34,BEATRIZ,7,PRODUTO 7,641
500,1,24/07/2020,2020,7,15,CLIENTE 15,ANA,25,PRODUTO 25,4966
501,1,20/11/2020,2020,11,66,CLIENTE 66,BEATRIZ,30,PRODUTO 30,2940
502,1,18/10/2020,2020,10,31,CLIENTE 31,ANA,36,PRODUTO 36,2460
503,1,02/09/2020,2020,9,38,CLIENTE 38,MARCOS,39,PRODUTO 39,4902
504,1,07/01/2020,2020,1,99,CLIENTE 99,BEATRIZ,20,PRODUTO 20,1656
505,1,21/03/2020,2020,3,35,CLIENTE 35,ANA,8,PRODUTO 8,2554
506,1,08/08/2020,2020,8,80,CLIENTE 80,MARCOS,33,PRODUTO 33,3043
507,1,07/10/2020,2020,10,84,CLIENTE 84,PEDRO,2,PRODUTO 2,4019
508,1,20/12/2020,2020,12,62,CLIENTE 62,BEATRIZ,3,PRODUTO 3,3362
509,1,09/03/2020,2020,3,51,CLIENTE 51,PEDRO,19,PRODUTO 19,532
510,1,29/03/2020,2020,3,92,CLIENTE 92,MARIA,29,PRODUTO 29,1886
511,1,26/03/2020,2020,3,56,CLIENTE 56,BEATRIZ,19,PRODUTO 19,532
512,1,16/09/2020,2020,9,36,CLIENTE 36,BEATRIZ,40,PRODUTO 40,1097
513,1,26/08/2020,2020,8,88,CLIENTE 88,PEDRO,1,PRODUTO 1,2724
514,1,09/02/2020,2020,2,48,CLIENTE 48,MARCOS,18,PRODUTO 18,947
515,1,12/03/2020,2020,3,99,CLIENTE 99,BEATRIZ,5,PRODUTO 5,1494
516,1,20/06/2020,2020,6,38,CLIENTE 38,MARCOS,39,PRODUTO 39,4902
517,1,25/05/2020,2020,5,77,CLIENTE 77,JOANA,28,PRODUTO 28,4335
518,1,09/01/2020,2020,1,40,CLIENTE 40,BEATRIZ,38,PRODUTO 38,3853
519,1,17/05/2020,2020,5,44,CLIENTE 44,MARIA,21,PRODUTO 21,4607
520,1,25/12/2020,2020,12,42,CLIENTE 42,PEDRO,30,PRODUTO 30,2940
521,1,17/05/2020,2020,5,80,CLIENTE 80,MARCOS,12,PRODUTO 12,1745
522,1,12/05/2020,2020,5,83,CLIENTE 83,ANA,3,PRODUTO 3,1681
523,1,22/02/2020,2020,2,66,CLIENTE 66,BEATRIZ,38,PRODUTO 38,3853
524,1,20/02/2020,2020,2,70,CLIENTE 70,MARCOS,40,PRODUTO 40,1097
525,1,21/10/2020,2020,10,39,CLIENTE 39,ANA,9,PRODUTO 9,2436
526,1,15/07/2020,2020,7,53,CLIENTE 53,PEDRO,16,PRODUTO 16,4551
527,1,12/09/2020,2020,9,79,CLIENTE 79,ANA,6,PRODUTO 6,2717
528,1,26/08/2020,2020,8,69,CLIENTE 69,BEATRIZ,22,PRODUTO 22,2172
529,1,29/08/2020,2020,8,79,CLIENTE 79,ANA,40,PRODUTO 40,1097
530,1,04/04/2020,2020,4,23,CLIENTE 23,JOANA,20,PRODUTO 20,1656
531,1,15/05/2020,2020,5,29,CLIENTE 29,ANA,2,PRODUTO 2,4019
532,1,30/12/2020,2020,12,79,CLIENTE 79,ANA,15,PRODUTO 15,1700
533,1,07/11/2020,2020,11,91,CLIENTE 91,MARCOS,11,PRODUTO 11,2826
534,1,22/04/2020,2020,4,90,CLIENTE 90,PEDRO,10,PRODUTO 10,1252
535,1,06/04/2020,2020,4,34,CLIENTE 34,BEATRIZ,13,PRODUTO 13,1192
536,1,13/08/2020,2020,8,39,CLIENTE 39,ANA,16,PRODUTO 16,4551
537,1,02/07/2020,2020,7,94,CLIENTE 94,PEDRO,40,PRODUTO 40,1097
538,1,30/07/2020,2020,7,84,CLIENTE 84,PEDRO,18,PRODUTO 18,947
539,1,20/07/2020,2020,7,87,CLIENTE 87,MARIA,23,PRODUTO 23,2225
540,1,21/06/2020,2020,6,91,CLIENTE 91,MARCOS,5,PRODUTO 5,1494
541,1,20/10/2020,2020,10,20,CLIENTE 20,JOANA,30,PRODUTO 30,1470
542,1,01/03/2020,2020,3,55,CLIENTE 55,BEATRIZ,2,PRODUTO 2,4019
543,1,26/03/2020,2020,3,93,CLIENTE 93,PEDRO,27,PRODUTO 27,3369
544,1,17/10/2020,2020,10,97,CLIENTE 97,MARIA,2,PRODUTO 2,4019
545,1,19/05/2020,2020,5,89,CLIENTE 89,JOANA,3,PRODUTO 3,1681
546,1,14/02/2020,2020,2,1,CLIENTE 1,PEDRO,22,PRODUTO 22,2172
547,1,04/07/2020,2020,7,32,CLIENTE 32,JOANA,39,PRODUTO 39,4902
548,1,30/07/2020,2020,7,40,CLIENTE 40,BEATRIZ,25,PRODUTO 25,4966
549,1,29/05/2020,2020,5,95,CLIENTE 95,MARIA,27,PRODUTO 27,3369
550,1,23/05/2020,2020,5,41,CLIENTE 41,BEATRIZ,22,PRODUTO 22,2172
551,1,30/10/2020,2020,10,29,CLIENTE 29,ANA,29,PRODUTO 29,1886
552,1,16/01/2020,2020,1,46,CLIENTE 46,JOANA,20,PRODUTO 20,1656
553,1,14/07/2020,2020,7,18,CLIENTE 18,BEATRIZ,36,PRODUTO 36,2460
554,1,15/01/2020,2020,1,94,CLIENTE 94,PEDRO,29,PRODUTO 29,1886
555,1,10/05/2020,2020,5,78,CLIENTE 78,MARIA,35,PRODUTO 35,2904
556,1,08/10/2020,2020,10,62,CLIENTE 62,BEATRIZ,39,PRODUTO 39,4902
557,1,07/05/2020,2020,5,9,CLIENTE 9,BEATRIZ,12,PRODUTO 12,1745
558,1,06/08/2020,2020,8,43,CLIENTE 43,BEATRIZ,9,PRODUTO 9,2436
559,1,13/08/2020,2020,8,33,CLIENTE 33,PEDRO,10,PRODUTO 10,1252
560,1,28/09/2020,2020,9,36,CLIENTE 36,BEATRIZ,32,PRODUTO 32,4342
561,1,05/02/2020,2020,2,70,CLIENTE 70,MARCOS,21,PRODUTO 21,4607
562,1,12/10/2020,2020,10,33,CLIENTE 33,PEDRO,22,PRODUTO 22,2172
563,1,19/04/2020,2020,4,57,CLIENTE 57,ANA,13,PRODUTO 13,1192
564,1,22/09/2020,2020,9,55,CLIENTE 55,BEATRIZ,8,PRODUTO 8,2554
565,1,02/07/2020,2020,7,73,CLIENTE 73,MARIA,27,PRODUTO 27,3369
566,1,24/05/2020,2020,5,75,CLIENTE 75,PEDRO,32,PRODUTO 32,4342
567,1,28/06/2020,2020,6,39,CLIENTE 39,ANA,36,PRODUTO 36,2460
568,1,22/11/2020,2020,11,39,CLIENTE 39,ANA,20,PRODUTO 20,3312
569,1,07/10/2020,2020,10,18,CLIENTE 18,BEATRIZ,21,PRODUTO 21,4607
570,1,02/05/2020,2020,5,91,CLIENTE 91,MARCOS,25,PRODUTO 25,4966
571,1,14/12/2020,2020,12,59,CLIENTE 59,MARIA,14,PRODUTO 14,7762
572,1,07/07/2020,2020,7,44,CLIENTE 44,MARIA,16,PRODUTO 16,4551
573,1,03/04/2020,2020,4,17,CLIENTE 17,ANA,15,PRODUTO 15,850
574,1,10/03/2020,2020,3,27,CLIENTE 27,BEATRIZ,12,PRODUTO 12,1745
575,1,08/12/2020,2020,12,88,CLIENTE 88,PEDRO,2,PRODUTO 2,8038
576,1,25/10/2020,2020,10,99,CLIENTE 99,BEATRIZ,27,PRODUTO 27,3369
577,1,07/12/2020,2020,12,38,CLIENTE 38,MARCOS,18,PRODUTO 18,1894
578,1,04/09/2020,2020,9,88,CLIENTE 88,PEDRO,15,PRODUTO 15,850
579,1,25/06/2020,2020,6,44,CLIENTE 44,MARIA,17,PRODUTO 17,2041
580,1,08/12/2020,2020,12,74,CLIENTE 74,ANA,19,PRODUTO 19,1064
581,1,05/06/2020,2020,6,25,CLIENTE 25,BEATRIZ,39,PRODUTO 39,4902
582,1,08/08/2020,2020,8,65,CLIENTE 65,PEDRO,12,PRODUTO 12,1745
583,1,27/05/2020,2020,5,25,CLIENTE 25,BEATRIZ,2,PRODUTO 2,4019
584,1,08/11/2020,2020,11,78,CLIENTE 78,MARIA,20,PRODUTO 20,3312
585,1,30/04/2020,2020,4,26,CLIENTE 26,BEATRIZ,13,PRODUTO 13,1192
586,1,20/08/2020,2020,8,82,CLIENTE 82,BEATRIZ,36,PRODUTO 36,2460
587,1,21/12/2020,2020,12,65,CLIENTE 65,PEDRO,11,PRODUTO 11,2826
588,1,23/12/2020,2020,12,29,CLIENTE 29,ANA,30,PRODUTO 30,2940
589,1,21/07/2020,2020,7,1,CLIENTE 1,PEDRO,13,PRODUTO 13,1192
590,1,11/05/2020,2020,5,47,CLIENTE 47,MARCOS,9,PRODUTO 9,2436
591,1,30/10/2020,2020,10,16,CLIENTE 16,ANA,26,PRODUTO 26,3460
592,1,28/08/2020,2020,8,10,CLIENTE 10,ANA,33,PRODUTO 33,3043
593,1,03/09/2020,2020,9,29,CLIENTE 29,ANA,19,PRODUTO 19,532
594,1,25/07/2020,2020,7,56,CLIENTE 56,BEATRIZ,37,PRODUTO 37,607
595,1,26/09/2020,2020,9,74,CLIENTE 74,ANA,9,PRODUTO 9,2436
596,1,27/08/2020,2020,8,48,CLIENTE 48,MARCOS,25,PRODUTO 25,4966
597,1,12/07/2020,2020,7,24,CLIENTE 24,PEDRO,26,PRODUTO 26,3460
598,1,01/09/2020,2020,9,12,CLIENTE 12,MARIA,17,PRODUTO 17,2041
599,1,24/09/2020,2020,9,31,CLIENTE 31,ANA,33,PRODUTO 33,3043
600,1,06/12/2020,2020,12,39,CLIENTE 39,ANA,6,PRODUTO 6,5434
601,1,04/12/2020,2020,12,80,CLIENTE 80,MARCOS,28,PRODUTO 28,8670
602,1,03/07/2020,2020,7,6,CLIENTE 6,PEDRO,13,PRODUTO 13,1192
603,1,14/07/2020,2020,7,91,CLIENTE 91,MARCOS,30,PRODUTO 30,1470
604,1,09/09/2020,2020,9,76,CLIENTE 76,MARIA,25,PRODUTO 25,4966
605,1,05/12/2020,2020,12,81,CLIENTE 81,PEDRO,14,PRODUTO 14,7762
606,1,31/05/2020,2020,5,60,CLIENTE 60,JOANA,32,PRODUTO 32,4342
607,1,11/05/2020,2020,5,45,CLIENTE 45,JOANA,39,PRODUTO 39,4902
608,1,07/10/2020,2020,10,13,CLIENTE 13,MARIA,27,PRODUTO 27,3369
609,1,11/01/2020,2020,1,83,CLIENTE 83,ANA,28,PRODUTO 28,4335
610,1,14/10/2020,2020,10,24,CLIENTE 24,PEDRO,35,PRODUTO 35,2904
611,1,24/11/2020,2020,11,73,CLIENTE 73,MARIA,8,PRODUTO 8,5108
612,1,31/10/2020,2020,10,82,CLIENTE 82,BEATRIZ,33,PRODUTO 33,3043
613,1,26/06/2020,2020,6,48,CLIENTE 48,MARCOS,20,PRODUTO 20,1656
614,1,09/09/2020,2020,9,33,CLIENTE 33,PEDRO,17,PRODUTO 17,2041
615,1,21/10/2020,2020,10,24,CLIENTE 24,PEDRO,10,PRODUTO 10,1252
616,1,25/11/2020,2020,11,54,CLIENTE 54,ANA,4,PRODUTO 4,8206
617,1,20/04/2020,2020,4,9,CLIENTE 9,BEATRIZ,14,PRODUTO 14,3881
618,1,20/03/2020,2020,3,40,CLIENTE 40,BEATRIZ,27,PRODUTO 27,3369
619,1,13/01/2020,2020,1,10,CLIENTE 10,ANA,36,PRODUTO 36,2460
620,1,18/09/2020,2020,9,28,CLIENTE 28,MARCOS,28,PRODUTO 28,4335
621,1,02/07/2020,2020,7,65,CLIENTE 65,PEDRO,32,PRODUTO 32,4342
622,1,05/07/2020,2020,7,78,CLIENTE 78,MARIA,24,PRODUTO 24,3829
623,1,12/02/2020,2020,2,22,CLIENTE 22,MARIA,33,PRODUTO 33,3043
624,1,09/07/2020,2020,7,21,CLIENTE 21,MARIA,14,PRODUTO 14,3881
625,1,27/11/2020,2020,11,89,CLIENTE 89,JOANA,4,PRODUTO 4,8206
626,1,14/04/2020,2020,4,67,CLIENTE 67,JOANA,10,PRODUTO 10,1252
627,1,21/12/2020,2020,12,19,CLIENTE 19,ANA,26,PRODUTO 26,6920
628,1,28/07/2020,2020,7,77,CLIENTE 77,JOANA,6,PRODUTO 6,2717
629,1,26/03/2020,2020,3,52,CLIENTE 52,ANA,22,PRODUTO 22,2172
630,1,10/09/2020,2020,9,25,CLIENTE 25,BEATRIZ,36,PRODUTO 36,2460
631,1,28/09/2020,2020,9,3,CLIENTE 3,MARIA,30,PRODUTO 30,1470
632,1,30/06/2020,2020,6,37,CLIENTE 37,MARCOS,10,PRODUTO 10,1252
633,1,13/12/2020,2020,12,12,CLIENTE 12,MARIA,24,PRODUTO 24,7658
634,1,06/02/2020,2020,2,51,CLIENTE 51,PEDRO,24,PRODUTO 24,3829
635,1,29/12/2020,2020,12,32,CLIENTE 32,JOANA,37,PRODUTO 37,1214
636,1,05/04/2020,2020,4,58,CLIENTE 58,MARCOS,38,PRODUTO 38,3853
637,1,28/06/2020,2020,6,24,CLIENTE 24,PEDRO,27,PRODUTO 27,3369
638,1,12/04/2020,2020,4,30,CLIENTE 30,PEDRO,22,PRODUTO 22,2172
639,1,13/12/2020,2020,12,46,CLIENTE 46,JOANA,6,PRODUTO 6,5434
640,1,15/02/2020,2020,2,60,CLIENTE 60,JOANA,15,PRODUTO 15,850
641,1,18/03/2020,2020,3,64,CLIENTE 64,JOANA,16,PRODUTO 16,4551
642,1,24/11/2020,2020,11,29,CLIENTE 29,ANA,27,PRODUTO 27,6738
643,1,11/06/2020,2020,6,97,CLIENTE 97,MARIA,37,PRODUTO 37,607
644,1,30/04/2020,2020,4,40,CLIENTE 40,BEATRIZ,40,PRODUTO 40,1097
645,1,28/12/2020,2020,12,24,CLIENTE 24,PEDRO,26,PRODUTO 26,6920
646,1,30/12/2020,2020,12,70,CLIENTE 70,MARCOS,4,PRODUTO 4,8206
647,1,15/12/2020,2020,12,21,CLIENTE 21,MARIA,36,PRODUTO 36,4920
648,1,11/10/2020,2020,10,5,CLIENTE 5,JOANA,22,PRODUTO 22,2172
649,1,24/07/2020,2020,7,83,CLIENTE 83,ANA,8,PRODUTO 8,2554
650,1,29/05/2020,2020,5,50,CLIENTE 50,JOANA,23,PRODUTO 23,2225
651,1,24/06/2020,2020,6,25,CLIENTE 25,BEATRIZ,12,PRODUTO 12,1745
652,1,19/02/2020,2020,2,90,CLIENTE 90,PEDRO,1,PRODUTO 1,2724
653,1,27/03/2020,2020,3,85,CLIENTE 85,MARCOS,22,PRODUTO 22,2172
654,1,31/07/2020,2020,7,74,CLIENTE 74,ANA,35,PRODUTO 35,2904
655,1,03/12/2020,2020,12,35,CLIENTE 35,ANA,34,PRODUTO 34,5624
656,1,18/01/2020,2020,1,52,CLIENTE 52,ANA,3,PRODUTO 3,1681
657,1,18/07/2020,2020,7,89,CLIENTE 89,JOANA,13,PRODUTO 13,1192
658,1,29/05/2020,2020,5,10,CLIENTE 10,ANA,8,PRODUTO 8,2554
659,1,26/05/2020,2020,5,62,CLIENTE 62,BEATRIZ,12,PRODUTO 12,1745
660,1,25/03/2020,2020,3,91,CLIENTE 91,MARCOS,32,PRODUTO 32,4342
661,1,26/11/2020,2020,11,69,CLIENTE 69,BEATRIZ,39,PRODUTO 39,9804
662,1,31/12/2020,2020,12,30,CLIENTE 30,PEDRO,7,PRODUTO 7,1282
663,1,16/02/2020,2020,2,71,CLIENTE 71,BEATRIZ,8,PRODUTO 8,2554
664,1,28/03/2020,2020,3,90,CLIENTE 90,PEDRO,18,PRODUTO 18,947
665,1,09/09/2020,2020,9,34,CLIENTE 34,BEATRIZ,38,PRODUTO 38,3853
666,1,13/03/2020,2020,3,95,CLIENTE 95,MARIA,30,PRODUTO 30,1470
667,1,15/07/2020,2020,7,70,CLIENTE 70,MARCOS,29,PRODUTO 29,1886
668,1,11/07/2020,2020,7,65,CLIENTE 65,PEDRO,37,PRODUTO 37,607
669,1,30/01/2020,2020,1,74,CLIENTE 74,ANA,31,PRODUTO 31,3455
670,1,26/11/2020,2020,11,23,CLIENTE 23,JOANA,36,PRODUTO 36,4920
671,1,20/11/2020,2020,11,96,CLIENTE 96,PEDRO,2,PRODUTO 2,8038
672,1,21/05/2020,2020,5,97,CLIENTE 97,MARIA,40,PRODUTO 40,1097
673,1,28/06/2020,2020,6,76,CLIENTE 76,MARIA,15,PRODUTO 15,850
674,1,20/11/2020,2020,11,44,CLIENTE 44,MARIA,40,PRODUTO 40,2194
675,1,05/12/2020,2020,12,44,CLIENTE 44,MARIA,29,PRODUTO 29,3772
676,1,12/12/2020,2020,12,30,CLIENTE 30,PEDRO,24,PRODUTO 24,7658
677,1,13/10/2020,2020,10,79,CLIENTE 79,ANA,29,PRODUTO 29,1886
678,1,26/10/2020,2020,10,65,CLIENTE 65,PEDRO,6,PRODUTO 6,2717
679,1,28/01/2020,2020,1,88,CLIENTE 88,PEDRO,20,PRODUTO 20,1656
680,1,28/01/2020,2020,1,47,CLIENTE 47,MARCOS,38,PRODUTO 38,3853
681,1,13/03/2020,2020,3,63,CLIENTE 63,JOANA,32,PRODUTO 32,4342
682,1,21/09/2020,2020,9,86,CLIENTE 86,MARIA,27,PRODUTO 27,3369
683,1,11/03/2020,2020,3,93,CLIENTE 93,PEDRO,16,PRODUTO 16,4551
684,1,09/08/2020,2020,8,69,CLIENTE 69,BEATRIZ,3,PRODUTO 3,1681
685,1,11/08/2020,2020,8,77,CLIENTE 77,JOANA,34,PRODUTO 34,2812
686,1,01/12/2020,2020,12,38,CLIENTE 38,MARCOS,3,PRODUTO 3,3362
687,1,16/04/2020,2020,4,22,CLIENTE 22,MARIA,14,PRODUTO 14,3881
688,1,21/09/2020,2020,9,88,CLIENTE 88,PEDRO,38,PRODUTO 38,3853
689,1,23/10/2020,2020,10,100,CLIENTE 100,JOANA,35,PRODUTO 35,2904
690,1,16/10/2020,2020,10,85,CLIENTE 85,MARCOS,28,PRODUTO 28,4335
691,1,07/05/2020,2020,5,68,CLIENTE 68,BEATRIZ,1,PRODUTO 1,2724
692,1,31/08/2020,2020,8,5,CLIENTE 5,JOANA,32,PRODUTO 32,4342
693,1,25/06/2020,2020,6,35,CLIENTE 35,ANA,32,PRODUTO 32,4342
694,1,17/05/2020,2020,5,57,CLIENTE 57,ANA,30,PRODUTO 30,1470
695,1,24/01/2020,2020,1,12,CLIENTE 12,MARIA,18,PRODUTO 18,947
696,1,15/03/2020,2020,3,44,CLIENTE 44,MARIA,20,PRODUTO 20,1656
697,1,26/11/2020,2020,11,13,CLIENTE 13,MARIA,39,PRODUTO 39,9804
698,1,15/11/2020,2020,11,19,CLIENTE 19,ANA,4,PRODUTO 4,8206
699,1,07/07/2020,2020,7,22,CLIENTE 22,MARIA,36,PRODUTO 36,2460
700,1,24/06/2020,2020,6,3,CLIENTE 3,MARIA,17,PRODUTO 17,2041
701,1,11/10/2020,2020,10,47,CLIENTE 47,MARCOS,14,PRODUTO 14,3881
702,1,01/09/2020,2020,9,27,CLIENTE 27,BEATRIZ,5,PRODUTO 5,1494
703,1,11/08/2020,2020,8,86,CLIENTE 86,MARIA,13,PRODUTO 13,1192
704,1,19/11/2020,2020,11,28,CLIENTE 28,MARCOS,16,PRODUTO 16,9102
705,1,09/03/2020,2020,3,53,CLIENTE 53,PEDRO,20,PRODUTO 20,1656
706,1,26/04/2020,2020,4,77,CLIENTE 77,JOANA,17,PRODUTO 17,2041
707,1,17/09/2020,2020,9,16,CLIENTE 16,ANA,11,PRODUTO 11,1413
708,1,18/08/2020,2020,8,40,CLIENTE 40,BEATRIZ,32,PRODUTO 32,4342
709,1,16/05/2020,2020,5,96,CLIENTE 96,PEDRO,18,PRODUTO 18,947
710,1,26/04/2020,2020,4,51,CLIENTE 51,PEDRO,7,PRODUTO 7,641
711,1,13/01/2020,2020,1,69,CLIENTE 69,BEATRIZ,31,PRODUTO 31,3455
712,1,20/06/2020,2020,6,67,CLIENTE 67,JOANA,6,PRODUTO 6,2717
713,1,22/12/2020,2020,12,84,CLIENTE 84,PEDRO,10,PRODUTO 10,2504
714,1,08/02/2020,2020,2,32,CLIENTE 32,JOANA,27,PRODUTO 27,3369
715,1,19/03/2020,2020,3,25,CLIENTE 25,BEATRIZ,14,PRODUTO 14,3881
716,1,17/12/2020,2020,12,28,CLIENTE 28,MARCOS,4,PRODUTO 4,8206
717,1,11/05/2020,2020,5,30,CLIENTE 30,PEDRO,33,PRODUTO 33,3043
718,1,27/11/2020,2020,11,4,CLIENTE 4,ANA,3,PRODUTO 3,3362
719,1,02/01/2020,2020,1,69,CLIENTE 69,BEATRIZ,34,PRODUTO 34,2812
720,1,24/03/2020,2020,3,85,CLIENTE 85,MARCOS,13,PRODUTO 13,1192
721,1,26/11/2020,2020,11,70,CLIENTE 70,MARCOS,18,PRODUTO 18,1894
722,1,26/07/2020,2020,7,46,CLIENTE 46,JOANA,23,PRODUTO 23,2225
723,1,21/02/2020,2020,2,95,CLIENTE 95,MARIA,18,PRODUTO 18,947
724,1,10/10/2020,2020,10,64,CLIENTE 64,JOANA,28,PRODUTO 28,4335
725,1,10/06/2020,2020,6,17,CLIENTE 17,ANA,10,PRODUTO 10,1252
726,1,23/05/2020,2020,5,95,CLIENTE 95,MARIA,18,PRODUTO 18,947
727,1,08/04/2020,2020,4,16,CLIENTE 16,ANA,18,PRODUTO 18,947
728,1,19/07/2020,2020,7,86,CLIENTE 86,MARIA,36,PRODUTO 36,2460
729,1,31/07/2020,2020,7,36,CLIENTE 36,BEATRIZ,21,PRODUTO 21,4607
730,1,26/05/2020,2020,5,1,CLIENTE 1,PEDRO,28,PRODUTO 28,4335
731,1,18/04/2020,2020,4,67,CLIENTE 67,JOANA,17,PRODUTO 17,2041
732,1,08/09/2020,2020,9,46,CLIENTE 46,JOANA,2,PRODUTO 2,4019
733,1,22/04/2020,2020,4,41,CLIENTE 41,BEATRIZ,13,PRODUTO 13,1192
734,1,27/01/2020,2020,1,67,CLIENTE 67,JOANA,23,PRODUTO 23,2225
735,1,08/08/2020,2020,8,84,CLIENTE 84,PEDRO,34,PRODUTO 34,2812
736,1,25/10/2020,2020,10,38,CLIENTE 38,MARCOS,6,PRODUTO 6,2717
737,1,21/01/2020,2020,1,76,CLIENTE 76,MARIA,21,PRODUTO 21,4607
738,1,04/12/2020,2020,12,65,CLIENTE 65,PEDRO,7,PRODUTO 7,1282
739,1,30/05/2020,2020,5,55,CLIENTE 55,BEATRIZ,4,PRODUTO 4,4103
740,1,07/12/2020,2020,12,94,CLIENTE 94,PEDRO,40,PRODUTO 40,2194
741,1,25/06/2020,2020,6,49,CLIENTE 49,MARCOS,30,PRODUTO 30,1470
742,1,01/09/2020,2020,9,15,CLIENTE 15,ANA,37,PRODUTO 37,607
743,1,17/12/2020,2020,12,100,CLIENTE 100,JOANA,20,PRODUTO 20,3312
744,1,02/02/2020,2020,2,47,CLIENTE 47,MARCOS,3,PRODUTO 3,1681
745,1,31/03/2020,2020,3,39,CLIENTE 39,ANA,19,PRODUTO 19,532
746,1,30/09/2020,2020,9,37,CLIENTE 37,MARCOS,22,PRODUTO 22,2172
747,1,08/04/2020,2020,4,52,CLIENTE 52,ANA,19,PRODUTO 19,532
748,1,15/01/2020,2020,1,48,CLIENTE 48,MARCOS,7,PRODUTO 7,641
749,1,08/06/2020,2020,6,57,CLIENTE 57,ANA,39,PRODUTO 39,4902
750,1,03/06/2020,2020,6,26,CLIENTE 26,BEATRIZ,9,PRODUTO 9,2436
751,1,03/01/2020,2020,1,31,CLIENTE 31,ANA,40,PRODUTO 40,1097
752,1,07/02/2020,2020,2,71,CLIENTE 71,BEATRIZ,27,PRODUTO 27,3369
753,1,21/09/2020,2020,9,1,CLIENTE 1,PEDRO,14,PRODUTO 14,3881
754,1,06/04/2020,2020,4,39,CLIENTE 39,ANA,9,PRODUTO 9,2436
755,1,30/05/2020,2020,5,9,CLIENTE 9,BEATRIZ,31,PRODUTO 31,3455
756,1,21/02/2020,2020,2,31,CLIENTE 31,ANA,18,PRODUTO 18,947
757,1,08/12/2020,2020,12,81,CLIENTE 81,PEDRO,21,PRODUTO 21,9214
758,1,07/03/2020,2020,3,65,CLIENTE 65,PEDRO,11,PRODUTO 11,1413
759,1,28/03/2020,2020,3,79,CLIENTE 79,ANA,6,PRODUTO 6,2717
760,1,10/07/2020,2020,7,24,CLIENTE 24,PEDRO,35,PRODUTO 35,2904
761,1,26/06/2020,2020,6,19,CLIENTE 19,ANA,17,PRODUTO 17,2041
762,1,27/08/2020,2020,8,28,CLIENTE 28,MARCOS,21,PRODUTO 21,4607
763,1,26/05/2020,2020,5,90,CLIENTE 90,PEDRO,15,PRODUTO 15,850
764,1,06/06/2020,2020,6,10,CLIENTE 10,ANA,25,PRODUTO 25,4966
765,1,29/12/2020,2020,12,57,CLIENTE 57,ANA,3,PRODUTO 3,3362
766,1,21/10/2020,2020,10,54,CLIENTE 54,ANA,35,PRODUTO 35,2904
767,1,06/06/2020,2020,6,50,CLIENTE 50,JOANA,25,PRODUTO 25,4966
768,1,14/07/2020,2020,7,52,CLIENTE 52,ANA,25,PRODUTO 25,4966
769,1,22/08/2020,2020,8,16,CLIENTE 16,ANA,10,PRODUTO 10,1252
770,1,15/05/2020,2020,5,71,CLIENTE 71,BEATRIZ,16,PRODUTO 16,4551
771,1,29/10/2020,2020,10,12,CLIENTE 12,MARIA,39,PRODUTO 39,4902
772,1,27/06/2020,2020,6,98,CLIENTE 98,MARIA,26,PRODUTO 26,3460
773,1,22/10/2020,2020,10,51,CLIENTE 51,PEDRO,36,PRODUTO 36,2460
774,1,17/06/2020,2020,6,32,CLIENTE 32,JOANA,29,PRODUTO 29,1886
775,1,01/02/2020,2020,2,61,CLIENTE 61,ANA,11,PRODUTO 11,1413
776,1,12/02/2020,2020,2,96,CLIENTE 96,PEDRO,9,PRODUTO 9,2436
777,1,18/02/2020,2020,2,47,CLIENTE 47,MARCOS,13,PRODUTO 13,1192
778,1,25/02/2020,2020,2,86,CLIENTE 86,MARIA,6,PRODUTO 6,2717
779,1,09/07/2020,2020,7,35,CLIENTE 35,ANA,27,PRODUTO 27,3369
780,1,30/05/2020,2020,5,54,CLIENTE 54,ANA,14,PRODUTO 14,3881
781,1,03/08/2020,2020,8,81,CLIENTE 81,PEDRO,9,PRODUTO 9,2436
782,1,25/07/2020,2020,7,91,CLIENTE 91,MARCOS,11,PRODUTO 11,1413
783,1,23/01/2020,2020,1,8,CLIENTE 8,ANA,20,PRODUTO 20,1656
784,1,26/08/2020,2020,8,65,CLIENTE 65,PEDRO,15,PRODUTO 15,850
785,1,11/11/2020,2020,11,44,CLIENTE 44,MARIA,10,PRODUTO 10,2504
786,1,04/03/2020,2020,3,49,CLIENTE 49,MARCOS,31,PRODUTO 31,3455
787,1,06/09/2020,2020,9,29,CLIENTE 29,ANA,40,PRODUTO 40,1097
788,1,08/02/2020,2020,2,99,CLIENTE 99,BEATRIZ,2,PRODUTO 2,4019
789,1,18/03/2020,2020,3,5,CLIENTE 5,JOANA,11,PRODUTO 11,1413
790,1,16/06/2020,2020,6,11,CLIENTE 11,BEATRIZ,27,PRODUTO 27,3369
791,1,15/09/2020,2020,9,6,CLIENTE 6,PEDRO,4,PRODUTO 4,4103
792,1,14/09/2020,2020,9,88,CLIENTE 88,PEDRO,17,PRODUTO 17,2041
793,1,13/12/2020,2020,12,32,CLIENTE 32,JOANA,2,PRODUTO 2,8038
794,1,01/11/2020,2020,11,32,CLIENTE 32,JOANA,34,PRODUTO 34,5624
795,1,19/11/2020,2020,11,60,CLIENTE 60,JOANA,24,PRODUTO 24,7658
796,1,03/02/2020,2020,2,47,CLIENTE 47,MARCOS,1,PRODUTO 1,2724
797,1,22/12/2020,2020,12,41,CLIENTE 41,BEATRIZ,2,PRODUTO 2,8038
798,1,08/02/2020,2020,2,61,CLIENTE 61,ANA,18,PRODUTO 18,947
799,1,15/01/2020,2020,1,76,CLIENTE 76,MARIA,7,PRODUTO 7,641
800,1,07/02/2020,2020,2,22,CLIENTE 22,MARIA,19,PRODUTO 19,532
801,1,25/11/2020,2020,11,86,CLIENTE 86,MARIA,38,PRODUTO 38,7706
802,1,26/03/2020,2020,3,1,CLIENTE 1,PEDRO,39,PRODUTO 39,4902
803,1,25/02/2020,2020,2,66,CLIENTE 66,BEATRIZ,25,PRODUTO 25,4966
804,1,05/09/2020,2020,9,17,CLIENTE 17,ANA,19,PRODUTO 19,532
805,1,15/01/2020,2020,1,29,CLIENTE 29,ANA,32,PRODUTO 32,4342
806,1,11/05/2020,2020,5,24,CLIENTE 24,PEDRO,20,PRODUTO 20,1656
807,1,28/10/2020,2020,10,42,CLIENTE 42,PEDRO,25,PRODUTO 25,4966
808,1,24/08/2020,2020,8,25,CLIENTE 25,BEATRIZ,19,PRODUTO 19,532
809,1,12/12/2020,2020,12,47,CLIENTE 47,MARCOS,28,PRODUTO 28,8670
810,1,06/06/2020,2020,6,97,CLIENTE 97,MARIA,11,PRODUTO 11,1413
811,1,28/07/2020,2020,7,1,CLIENTE 1,PEDRO,38,PRODUTO 38,3853
812,1,02/06/2020,2020,6,77,CLIENTE 77,JOANA,4,PRODUTO 4,4103
813,1,18/03/2020,2020,3,42,CLIENTE 42,PEDRO,37,PRODUTO 37,607
814,1,08/08/2020,2020,8,58,CLIENTE 58,MARCOS,21,PRODUTO 21,4607
815,1,31/08/2020,2020,8,50,CLIENTE 50,JOANA,37,PRODUTO 37,607
816,1,21/02/2020,2020,2,28,CLIENTE 28,MARCOS,34,PRODUTO 34,2812
817,1,11/11/2020,2020,11,23,CLIENTE 23,JOANA,9,PRODUTO 9,4872
818,1,24/12/2020,2020,12,86,CLIENTE 86,MARIA,12,PRODUTO 12,3490
819,1,04/03/2020,2020,3,95,CLIENTE 95,MARIA,9,PRODUTO 9,2436
820,1,05/02/2020,2020,2,30,CLIENTE 30,PEDRO,9,PRODUTO 9,2436
821,1,22/03/2020,2020,3,18,CLIENTE 18,BEATRIZ,30,PRODUTO 30,1470
822,1,22/10/2020,2020,10,25,CLIENTE 25,BEATRIZ,39,PRODUTO 39,4902
823,1,17/05/2020,2020,5,46,CLIENTE 46,JOANA,1,PRODUTO 1,2724
824,1,25/06/2020,2020,6,63,CLIENTE 63,JOANA,34,PRODUTO 34,2812
825,1,12/12/2020,2020,12,61,CLIENTE 61,ANA,8,PRODUTO 8,5108
826,1,13/05/2020,2020,5,52,CLIENTE 52,ANA,31,PRODUTO 31,3455
827,1,16/12/2020,2020,12,30,CLIENTE 30,PEDRO,5,PRODUTO 5,2988
828,1,12/10/2020,2020,10,60,CLIENTE 60,JOANA,12,PRODUTO 12,1745
829,1,30/08/2020,2020,8,60,CLIENTE 60,JOANA,14,PRODUTO 14,3881
830,1,03/05/2020,2020,5,28,CLIENTE 28,MARCOS,11,PRODUTO 11,1413
831,1,06/04/2020,2020,4,53,CLIENTE 53,PEDRO,8,PRODUTO 8,2554
832,1,29/01/2020,2020,1,34,CLIENTE 34,BEATRIZ,16,PRODUTO 16,4551
833,1,26/01/2020,2020,1,34,CLIENTE 34,BEATRIZ,1,PRODUTO 1,2724
834,1,07/04/2020,2020,4,46,CLIENTE 46,JOANA,14,PRODUTO 14,3881
835,1,23/05/2020,2020,5,42,CLIENTE 42,PEDRO,37,PRODUTO 37,607
836,1,15/08/2020,2020,8,76,CLIENTE 76,MARIA,28,PRODUTO 28,4335
837,1,18/02/2020,2020,2,29,CLIENTE 29,ANA,20,PRODUTO 20,1656
838,1,02/01/2020,2020,1,40,CLIENTE 40,BEATRIZ,28,PRODUTO 28,4335
839,1,27/02/2020,2020,2,40,CLIENTE 40,BEATRIZ,24,PRODUTO 24,3829
840,1,17/10/2020,2020,10,31,CLIENTE 31,ANA,5,PRODUTO 5,1494
841,1,20/11/2020,2020,11,11,CLIENTE 11,BEATRIZ,2,PRODUTO 2,8038
842,1,14/11/2020,2020,11,50,CLIENTE 50,JOANA,32,PRODUTO 32,8684
843,1,18/09/2020,2020,9,7,CLIENTE 7,ANA,5,PRODUTO 5,1494
844,1,05/06/2020,2020,6,31,CLIENTE 31,ANA,3,PRODUTO 3,1681
845,1,27/05/2020,2020,5,30,CLIENTE 30,PEDRO,10,PRODUTO 10,1252
846,1,17/03/2020,2020,3,28,CLIENTE 28,MARCOS,6,PRODUTO 6,2717
847,1,17/03/2020,2020,3,84,CLIENTE 84,PEDRO,38,PRODUTO 38,3853
848,1,09/03/2020,2020,3,32,CLIENTE 32,JOANA,35,PRODUTO 35,2904
849,1,03/09/2020,2020,9,86,CLIENTE 86,MARIA,40,PRODUTO 40,1097
850,1,18/08/2020,2020,8,90,CLIENTE 90,PEDRO,18,PRODUTO 18,947
851,1,11/11/2020,2020,11,62,CLIENTE 62,BEATRIZ,10,PRODUTO 10,2504
852,1,17/03/2020,2020,3,19,CLIENTE 19,ANA,16,PRODUTO 16,4551
853,1,23/07/2020,2020,7,63,CLIENTE 63,JOANA,34,PRODUTO 34,2812
854,1,19/03/2020,2020,3,92,CLIENTE 92,MARIA,4,PRODUTO 4,4103
855,1,19/11/2020,2020,11,52,CLIENTE 52,ANA,1,PRODUTO 1,5448
856,1,13/10/2020,2020,10,40,CLIENTE 40,BEATRIZ,9,PRODUTO 9,2436
857,1,15/05/2020,2020,5,77,CLIENTE 77,JOANA,8,PRODUTO 8,2554
858,1,07/02/2020,2020,2,17,CLIENTE 17,ANA,6,PRODUTO 6,2717
859,1,16/11/2020,2020,11,58,CLIENTE 58,MARCOS,18,PRODUTO 18,1894
860,1,30/03/2020,2020,3,54,CLIENTE 54,ANA,34,PRODUTO 34,2812
861,1,08/06/2020,2020,6,91,CLIENTE 91,MARCOS,36,PRODUTO 36,2460
862,1,04/11/2020,2020,11,85,CLIENTE 85,MARCOS,37,PRODUTO 37,1214
863,1,24/08/2020,2020,8,57,CLIENTE 57,ANA,11,PRODUTO 11,1413
864,1,26/07/2020,2020,7,44,CLIENTE 44,MARIA,6,PRODUTO 6,2717
865,1,04/10/2020,2020,10,48,CLIENTE 48,MARCOS,39,PRODUTO 39,4902
866,1,19/11/2020,2020,11,50,CLIENTE 50,JOANA,29,PRODUTO 29,3772
867,1,01/02/2020,2020,2,77,CLIENTE 77,JOANA,34,PRODUTO 34,2812
868,1,06/05/2020,2020,5,84,CLIENTE 84,PEDRO,31,PRODUTO 31,3455
869,1,01/11/2020,2020,11,38,CLIENTE 38,MARCOS,4,PRODUTO 4,8206
870,1,28/02/2020,2020,2,67,CLIENTE 67,JOANA,26,PRODUTO 26,3460
871,1,12/03/2020,2020,3,86,CLIENTE 86,MARIA,6,PRODUTO 6,2717
872,1,17/01/2020,2020,1,15,CLIENTE 15,ANA,6,PRODUTO 6,2717
873,1,08/12/2020,2020,12,91,CLIENTE 91,MARCOS,6,PRODUTO 6,5434
874,1,03/10/2020,2020,10,32,CLIENTE 32,JOANA,12,PRODUTO 12,1745
875,1,12/06/2020,2020,6,28,CLIENTE 28,MARCOS,2,PRODUTO 2,4019
876,1,05/05/2020,2020,5,24,CLIENTE 24,PEDRO,36,PRODUTO 36,2460
877,1,26/04/2020,2020,4,40,CLIENTE 40,BEATRIZ,35,PRODUTO 35,2904
878,1,29/11/2020,2020,11,26,CLIENTE 26,BEATRIZ,36,PRODUTO 36,4920
879,1,19/05/2020,2020,5,70,CLIENTE 70,MARCOS,36,PRODUTO 36,2460
880,1,15/06/2020,2020,6,57,CLIENTE 57,ANA,4,PRODUTO 4,4103
881,1,02/06/2020,2020,6,72,CLIENTE 72,JOANA,21,PRODUTO 21,4607
882,1,11/06/2020,2020,6,58,CLIENTE 58,MARCOS,3,PRODUTO 3,1681
883,1,26/10/2020,2020,10,16,CLIENTE 16,ANA,19,PRODUTO 19,532
884,1,08/01/2020,2020,1,79,CLIENTE 79,ANA,3,PRODUTO 3,1681
885,1,26/07/2020,2020,7,87,CLIENTE 87,MARIA,24,PRODUTO 24,3829
886,1,28/10/2020,2020,10,61,CLIENTE 61,ANA,19,PRODUTO 19,532
887,1,17/01/2020,2020,1,65,CLIENTE 65,PEDRO,31,PRODUTO 31,3455
888,1,20/01/2020,2020,1,92,CLIENTE 92,MARIA,21,PRODUTO 21,4607
889,1,04/08/2020,2020,8,51,CLIENTE 51,PEDRO,7,PRODUTO 7,641
890,1,02/10/2020,2020,10,65,CLIENTE 65,PEDRO,25,PRODUTO 25,4966
891,1,24/01/2020,2020,1,62,CLIENTE 62,BEATRIZ,10,PRODUTO 10,1252
892,1,27/12/2020,2020,12,97,CLIENTE 97,MARIA,5,PRODUTO 5,2988
893,1,13/08/2020,2020,8,44,CLIENTE 44,MARIA,24,PRODUTO 24,3829
894,1,10/01/2020,2020,1,8,CLIENTE 8,ANA,31,PRODUTO 31,3455
895,1,12/06/2020,2020,6,72,CLIENTE 72,JOANA,3,PRODUTO 3,1681
896,1,06/07/2020,2020,7,41,CLIENTE 41,BEATRIZ,24,PRODUTO 24,3829
897,1,05/05/2020,2020,5,96,CLIENTE 96,PEDRO,17,PRODUTO 17,2041
898,1,02/12/2020,2020,12,2,CLIENTE 2,MARCOS,19,PRODUTO 19,1064
899,1,22/03/2020,2020,3,97,CLIENTE 97,MARIA,9,PRODUTO 9,2436
900,1,30/03/2020,2020,3,88,CLIENTE 88,PEDRO,10,PRODUTO 10,1252
901,1,14/06/2020,2020,6,41,CLIENTE 41,BEATRIZ,32,PRODUTO 32,4342
902,1,16/02/2020,2020,2,64,CLIENTE 64,JOANA,8,PRODUTO 8,2554
903,1,22/01/2020,2020,1,84,CLIENTE 84,PEDRO,10,PRODUTO 10,1252
904,1,11/11/2020,2020,11,27,CLIENTE 27,BEATRIZ,28,PRODUTO 28,8670
905,1,23/01/2020,2020,1,79,CLIENTE 79,ANA,37,PRODUTO 37,607
906,1,26/05/2020,2020,5,12,CLIENTE 12,MARIA,25,PRODUTO 25,4966
907,1,20/03/2020,2020,3,66,CLIENTE 66,BEATRIZ,29,PRODUTO 29,1886
908,1,15/05/2020,2020,5,89,CLIENTE 89,JOANA,20,PRODUTO 20,1656
909,1,29/09/2020,2020,9,58,CLIENTE 58,MARCOS,33,PRODUTO 33,3043
910,1,27/10/2020,2020,10,21,CLIENTE 21,MARIA,39,PRODUTO 39,4902
911,1,02/11/2020,2020,11,71,CLIENTE 71,BEATRIZ,13,PRODUTO 13,2384
912,1,20/07/2020,2020,7,19,CLIENTE 19,ANA,2,PRODUTO 2,4019
913,1,16/05/2020,2020,5,16,CLIENTE 16,ANA,32,PRODUTO 32,4342
914,1,03/07/2020,2020,7,100,CLIENTE 100,JOANA,18,PRODUTO 18,947
915,1,05/10/2020,2020,10,22,CLIENTE 22,MARIA,1,PRODUTO 1,2724
916,1,01/09/2020,2020,9,57,CLIENTE 57,ANA,4,PRODUTO 4,4103
917,1,03/10/2020,2020,10,52,CLIENTE 52,ANA,36,PRODUTO 36,2460
918,1,31/12/2020,2020,12,37,CLIENTE 37,MARCOS,11,PRODUTO 11,2826
919,1,19/04/2020,2020,4,24,CLIENTE 24,PEDRO,2,PRODUTO 2,4019
920,1,30/06/2020,2020,6,84,CLIENTE 84,PEDRO,23,PRODUTO 23,2225
921,1,11/04/2020,2020,4,74,CLIENTE 74,ANA,32,PRODUTO 32,4342
922,1,31/07/2020,2020,7,72,CLIENTE 72,JOANA,3,PRODUTO 3,1681
923,1,30/06/2020,2020,6,89,CLIENTE 89,JOANA,12,PRODUTO 12,1745
924,1,03/09/2020,2020,9,22,CLIENTE 22,MARIA,14,PRODUTO 14,3881
925,1,31/08/2020,2020,8,5,CLIENTE 5,JOANA,34,PRODUTO 34,2812
926,1,08/09/2020,2020,9,93,CLIENTE 93,PEDRO,24,PRODUTO 24,3829
927,1,10/12/2020,2020,12,22,CLIENTE 22,MARIA,23,PRODUTO 23,4450
928,1,26/03/2020,2020,3,26,CLIENTE 26,BEATRIZ,13,PRODUTO 13,1192
929,1,23/07/2020,2020,7,83,CLIENTE 83,ANA,26,PRODUTO 26,3460
930,1,10/08/2020,2020,8,54,CLIENTE 54,ANA,34,PRODUTO 34,2812
931,1,14/06/2020,2020,6,20,CLIENTE 20,JOANA,11,PRODUTO 11,1413
932,1,12/10/2020,2020,10,44,CLIENTE 44,MARIA,35,PRODUTO 35,2904
933,1,10/11/2020,2020,11,89,CLIENTE 89,JOANA,5,PRODUTO 5,2988
934,1,20/05/2020,2020,5,16,CLIENTE 16,ANA,19,PRODUTO 19,532
935,1,13/12/2020,2020,12,89,CLIENTE 89,JOANA,37,PRODUTO 37,1214
936,1,22/07/2020,2020,7,27,CLIENTE 27,BEATRIZ,38,PRODUTO 38,3853
937,1,17/08/2020,2020,8,7,CLIENTE 7,ANA,37,PRODUTO 37,607
938,1,24/06/2020,2020,6,38,CLIENTE 38,MARCOS,2,PRODUTO 2,4019
939,1,06/06/2020,2020,6,89,CLIENTE 89,JOANA,40,PRODUTO 40,1097
940,1,10/01/2020,2020,1,37,CLIENTE 37,MARCOS,17,PRODUTO 17,2041
941,1,08/12/2020,2020,12,64,CLIENTE 64,JOANA,23,PRODUTO 23,4450
942,1,05/08/2020,2020,8,63,CLIENTE 63,JOANA,4,PRODUTO 4,4103
943,1,13/02/2020,2020,2,64,CLIENTE 64,JOANA,3,PRODUTO 3,1681
944,1,17/03/2020,2020,3,10,CLIENTE 10,ANA,3,PRODUTO 3,1681
945,1,14/03/2020,2020,3,67,CLIENTE 67,JOANA,32,PRODUTO 32,4342
946,1,09/04/2020,2020,4,21,CLIENTE 21,MARIA,22,PRODUTO 22,2172
947,1,16/11/2020,2020,11,89,CLIENTE 89,JOANA,40,PRODUTO 40,2194
948,1,07/03/2020,2020,3,69,CLIENTE 69,BEATRIZ,25,PRODUTO 25,4966
949,1,12/06/2020,2020,6,77,CLIENTE 77,JOANA,15,PRODUTO 15,850
950,1,29/07/2020,2020,7,8,CLIENTE 8,ANA,34,PRODUTO 34,2812
951,1,13/06/2020,2020,6,99,CLIENTE 99,BEATRIZ,18,PRODUTO 18,947
952,1,17/07/2020,2020,7,95,CLIENTE 95,MARIA,25,PRODUTO 25,4966
953,1,02/06/2020,2020,6,19,CLIENTE 19,ANA,39,PRODUTO 39,4902
954,1,24/04/2020,2020,4,18,CLIENTE 18,BEATRIZ,5,PRODUTO 5,1494
955,1,30/04/2020,2020,4,20,CLIENTE 20,JOANA,29,PRODUTO 29,1886
956,1,27/09/2020,2020,9,43,CLIENTE 43,BEATRIZ,24,PRODUTO 24,3829
957,1,24/08/2020,2020,8,11,CLIENTE 11,BEATRIZ,13,PRODUTO 13,1192
958,1,19/08/2020,2020,8,61,CLIENTE 61,ANA,11,PRODUTO 11,1413
959,1,18/12/2020,2020,12,42,CLIENTE 42,PEDRO,29,PRODUTO 29,3772
960,1,24/03/2020,2020,3,27,CLIENTE 27,BEATRIZ,13,PRODUTO 13,1192
961,1,16/05/2020,2020,5,40,CLIENTE 40,BEATRIZ,8,PRODUTO 8,2554
962,1,05/11/2020,2020,11,65,CLIENTE 65,PEDRO,33,PRODUTO 33,6086
963,1,08/07/2020,2020,7,94,CLIENTE 94,PEDRO,30,PRODUTO 30,1470
964,1,10/06/2020,2020,6,20,CLIENTE 20,JOANA,37,PRODUTO 37,607
965,1,15/10/2020,2020,10,8,CLIENTE 8,ANA,25,PRODUTO 25,4966
966,1,04/07/2020,2020,7,22,CLIENTE 22,MARIA,38,PRODUTO 38,3853
967,1,09/07/2020,2020,7,1,CLIENTE 1,PEDRO,27,PRODUTO 27,3369
968,1,16/05/2020,2020,5,79,CLIENTE 79,ANA,2,PRODUTO 2,4019
969,1,02/02/2020,2020,2,58,CLIENTE 58,MARCOS,20,PRODUTO 20,1656
970,1,31/07/2020,2020,7,67,CLIENTE 67,JOANA,12,PRODUTO 12,1745
971,1,17/09/2020,2020,9,96,CLIENTE 96,PEDRO,14,PRODUTO 14,3881
972,1,28/05/2020,2020,5,44,CLIENTE 44,MARIA,24,PRODUTO 24,3829
973,1,10/09/2020,2020,9,72,CLIENTE 72,JOANA,21,PRODUTO 21,4607
974,1,21/08/2020,2020,8,50,CLIENTE 50,JOANA,1,PRODUTO 1,2724
975,1,12/10/2020,2020,10,66,CLIENTE 66,BEATRIZ,15,PRODUTO 15,850
976,1,12/09/2020,2020,9,76,CLIENTE 76,MARIA,30,PRODUTO 30,1470
977,1,12/06/2020,2020,6,38,CLIENTE 38,MARCOS,34,PRODUTO 34,2812
978,1,13/06/2020,2020,6,26,CLIENTE 26,BEATRIZ,17,PRODUTO 17,2041
979,1,19/11/2020,2020,11,65,CLIENTE 65,PEDRO,12,PRODUTO 12,3490
980,1,18/01/2020,2020,1,66,CLIENTE 66,BEATRIZ,2,PRODUTO 2,4019
981,1,28/08/2020,2020,8,100,CLIENTE 100,JOANA,26,PRODUTO 26,3460
982,1,24/05/2020,2020,5,87,CLIENTE 87,MARIA,18,PRODUTO 18,947
983,1,23/08/2020,2020,8,47,CLIENTE 47,MARCOS,20,PRODUTO 20,1656
984,1,07/08/2020,2020,8,78,CLIENTE 78,MARIA,34,PRODUTO 34,2812
985,1,25/08/2020,2020,8,16,CLIENTE 16,ANA,2,PRODUTO 2,4019
986,1,06/05/2020,2020,5,68,CLIENTE 68,BEATRIZ,4,PRODUTO 4,4103
987,1,10/10/2020,2020,10,90,CLIENTE 90,PEDRO,13,PRODUTO 13,1192
988,1,23/04/2020,2020,4,97,CLIENTE 97,MARIA,5,PRODUTO 5,1494
989,1,07/12/2020,2020,12,37,CLIENTE 37,MARCOS,1,PRODUTO 1,5448
990,1,02/07/2020,2020,7,83,CLIENTE 83,ANA,29,PRODUTO 29,1886
991,1,03/09/2020,2020,9,65,CLIENTE 65,PEDRO,10,PRODUTO 10,1252
992,1,18/03/2020,2020,3,30,CLIENTE 30,PEDRO,37,PRODUTO 37,607
993,1,05/02/2020,2020,2,32,CLIENTE 32,JOANA,34,PRODUTO 34,2812
994,1,06/09/2020,2020,9,67,CLIENTE 67,JOANA,13,PRODUTO 13,1192
995,1,12/12/2020,2020,12,47,CLIENTE 47,MARCOS,3,PRODUTO 3,3362
996,1,03/12/2020,2020,12,21,CLIENTE 21,MARIA,36,PRODUTO 36,4920
997,1,03/05/2020,2020,5,23,CLIENTE 23,JOANA,24,PRODUTO 24,3829
998,1,20/04/2020,2020,4,3,CLIENTE 3,MARIA,35,PRODUTO 35,2904
999,1,15/06/2020,2020,6,84,CLIENTE 84,PEDRO,5,PRODUTO 5,1494